選手名,年度,クラス,部門,得点または回数,順位,値の種類
Pink Rubber,2013,オーバーオールクラス,団体部門,64.8,3,最終得点/順位(OCR)
アカザワ ユウキ,2015,オーバーオールクラス,男子個人総合部門,65.95,13,最終得点/順位
アカザワ ユウキ,2015,スペシャリストクラス,男子1ディアボロ垂直軸部門,61.33,24,最終得点/順位
アカザワ ユウキ,2015,スペシャリストクラス,男子1ディアボロ水平(ベアリング)軸部門,67.67,11,最終得点/順位
アカホリ タクミ,2015,スペシャリストクラス,男子1ディアボロ水平(固定)軸部門,50.25,17,最終得点/順位
アキバ ヨウスケ,2015,オーバーオールクラス,男子個人総合部門,69.45,11,最終得点/順位
アキバ ヨウスケ,2015,スペシャリストクラス,男子1ディアボロ水平(固定)軸部門,82.75,2,最終得点/順位
アキバ ヨウスケ,2016,オーバーオールクラス,男子個人総合部門,76.4,5,最終得点/順位
アキバ ヨウスケ,2016,スペシャリストクラス,2ディアボロ(固定)部門,86.8,4,最終得点/順位
アキバ ヨウスケ,2016,スペシャリストクラス,男子1ディアボロ水平軸(固定)部門,84.1,2,最終得点/順位
アキバ ヨウスケ,2017,スペシャリストクラス,2ディアボロ(固定)部門,78.5,6,最終得点/順位
アキバ ヨウスケ,2017,スペシャリストクラス,男子1ディアボロ水平軸(固定)部門,74.0,8,最終得点/順位
アキバ ヨウスケ,2018,オーバーオールクラス,男子個人総合部門,74.9,5,最終得点/順位
アキバ ヨウスケ,2018,スペシャリストクラス,男子1ディアボロ水平軸(固定)部門,84.9,1,最終得点/順位
アキバ ヨウスケ,2019,スペシャリストクラス,2ディアボロ(固定)部門,66.6,7,最終得点/順位
アキバ ヨウスケ,2019,スペシャリストクラス,男子1ディアボロ水平軸(固定)部門,80.5,5,最終得点/順位
アキバ ヨウスケ,2021,スペシャリストクラス,2ディアボロ(固定)部門,71.5,2,最終得点/順位
アゴウ テンセイ,2015,オーバーオールクラス,男子個人総合ジュニア部門,58.15,6,最終得点/順位
アゴウ テンセイ,2016,オーバーオールクラス,男子個人総合ジュニア部門,65.3,5,最終得点/順位
アゴウ テンセイ,2017,オーバーオールクラス,男子個人総合ジュニア部門,77.0,3,最終得点/順位
アゴウ テンセイ,2017,スペシャリストクラス,2ディアボロ(固定)部門,71.6,7,最終得点/順位
アゴウ テンセイ,2017,チャレンジクラス,チャレンジクラス(部門詳細不明),182,2,回数/順位
アゴウ テンセイ,2017,チャレンジクラス,男子1ディアボロ縄跳び部門,38,4,回数/順位
アゴウ テンセイ,2018,オーバーオールクラス,男子個人総合ジュニア部門,74.2,2,最終得点/順位
アゴウ テンセイ,2018,スペシャリストクラス,2ディアボロ(固定)部門,66.5,10,最終得点/順位
アゴウ テンセイ,2018,スペシャリストクラス,男子1ディアボロ水平軸(固定)部門,59.2,14,最終得点/順位
アゴウ テンセイ,2018,チャレンジクラス,チャレンジクラス(部門詳細不明),185,2,回数/順位
アゴウ テンセイ,2019,オーバーオールクラス,男子個人総合ジュニア部門,82.5,2,最終得点/順位
アゴウ テンセイ,2019,スペシャリストクラス,2ディアボロ(固定)部門,76.9,2,最終得点/順位
アゴウ テンセイ,2019,チャレンジクラス,チャレンジクラス(部門詳細不明),179,1,回数/順位
アゴウ テンセイ,2019,チャレンジクラス,チャレンジクラス(部門詳細不明),78,1,回数/順位
アゴウ テンセイ,2021,オーバーオールクラス,男子個人総合ジュニア部門,83.3,1,最終得点/順位
アゴウ テンセイ,2021,スペシャリストクラス,3ディアボロ部門,79.5,1,最終得点/順位
アゴウ テンセイ,2021,チャレンジクラス,チャレンジクラス(部門詳細不明),202,1,回数/順位
アゴウ テンセイ,2023,オーバーオールクラス,男子個人総合部門,79.8,5,最終得点/順位
アゴウ テンセイ,2023,スペシャリストクラス,3ディアボロ部門,78.3,2,最終得点/順位
アゴウ テンセイ,2023,チャレンジクラス,2ディアボロペアパス部門,92,1,回数/順位
アゴウ テンセイ,2024,オーバーオールクラス,男子個人総合部門,86.9,1,最終得点/順位
アゴウ テンセイ,2024,スペシャリストクラス,2 ディアボロ(固定)部門,78.0,4,最終得点/順位
アゴウ テンセイ,2024,スペシャリストクラス,3 ディアボロ部門,88.3,1,最終得点/順位
アゴウ テンセイ,2024,チャレンジクラス,4 ディアボロロウ部門,9,3,回数/順位
アサキ シュンタ,2019,スペシャリストクラス,男子1ディアボロ垂直軸部門,80.2,3,最終得点/順位
アサクラ ヨウ,2016,スペシャリストクラス,男子1ディアボロ垂直軸部門,68.6,22,最終得点/順位
アザミ ダイチ,2015,スペシャリストクラス,男子1ディアボロ水平(固定)軸部門,68.75,11,最終得点/順位
アザミ ダイチ,2016,スペシャリストクラス,2ディアボロ(固定)部門,68.4,12,最終得点/順位
アベ コオマ,2018,オーバーオールクラス,高校生男子個人総合部門,71.9,3,最終得点/順位
アベ コオマ,2018,スペシャリストクラス,2ディアボロ(固定)部門,69.9,8,最終得点/順位
アベ ヒロキ,2015,オーバーオールクラス,男子個人総合部門,79.45,7,最終得点/順位
アベ ヒロキ,2015,スペシャリストクラス,2ディアボロ部門,87.17,2,最終得点/順位
アベ ヒロキ,2015,スペシャリストクラス,男子1ディアボロ水平(ベアリング)軸部門,80.67,3,最終得点/順位
アベ ヒロキ,2019,チャレンジクラス,チャレンジクラス(部門詳細不明),27,4,回数/順位
アベ ヒロキ,2022,スペシャリストクラス,男子1ディアボロ水平軸(ベアリング)部門,81.8,2,最終得点/順位
アマノ コウタ,2024,オーバーオールクラス,男子個人総合ジュニア部門,棄権,-,最終得点/順位
アマノ コウタ,2024,スペシャリストクラス,男子 1 ディアボロ水平軸(固定)部門,棄権,-,最終得点/順位
アンドウ アキ,2015,スペシャリストクラス,女子1ディアボロ部門,63.13,9,最終得点/順位
アンドウ アキ,2016,オーバーオールクラス,女子個人総合部門,76.5,5,最終得点/順位
アンドウ アキ,2016,スペシャリストクラス,女子1ディアボロ部門,74.8,3,最終得点/順位
アンドウ アキ,2018,オーバーオールクラス,女子個人総合部門,69.8,2,最終得点/順位
アンドウ アキ,2018,スペシャリストクラス,女子1ディアボロ部門,71.7,6,最終得点/順位
アンドウ アキ,2019,スペシャリストクラス,女子1ディアボロ部門,68.5,3,最終得点/順位
イシカワ アオト,2021,オーバーオールクラス,男子個人総合部門,62.5,6,最終得点/順位
イシダ マサヨシ,2024,オーバーオールクラス,男子個人総合ジュニア部門,58.8,3,最終得点/順位
イシダ リョウスケ,2017,スペシャリストクラス,男子1ディアボロ水平軸(固定)部門,73.8,9,最終得点/順位
イシダ リョウスケ,2018,オーバーオールクラス,男子個人総合部門,68.6,8,最終得点/順位
イシダ リョウスケ,2019,オーバーオールクラス,男子個人総合部門,-,DNS,最終得点/順位
イシミズ タイキ,2016,スペシャリストクラス,2ディアボロ(固定)部門,90.5,2,最終得点/順位
イシミズ タイキ,2017,オーバーオールクラス,男子個人総合部門,81.4,6,最終得点/順位
イシミズ タイキ,2017,スペシャリストクラス,2ディアボロ(固定)部門,88.5,1,最終得点/順位
イシミズ タイキ,2017,スペシャリストクラス,男子1ディアボロ水平軸(ベアリング)部門,86.7,2,最終得点/順位
イシミズ タイキ,2018,オーバーオールクラス,男子個人総合部門,66.1,9,最終得点/順位
イシミズ タイキ,2018,スペシャリストクラス,2ディアボロ(固定)部門,77.8,5,最終得点/順位
イシミズ タイキ,2018,スペシャリストクラス,男子1ディアボロ水平軸(ベアリング)部門,89.5,1,最終得点/順位
イシミズ タイキ,2019,スペシャリストクラス,2ディアボロ(固定)部門,84.3,1,最終得点/順位
イシミズ タイキ,2019,スペシャリストクラス,男子1ディアボロ水平軸(ベアリング)部門,86.1,1,最終得点/順位
イシミズ タイキ,2021,オーバーオールクラス,男子個人総合部門,82.9,1,最終得点/順位
イシミズ タイキ,2021,スペシャリストクラス,男子1ディアボロ水平軸(ベアリング)部門,81.6,1,最終得点/順位
イシミズ タイキ,2022,オーバーオールクラス,男子個人総合部門,77.1,3,最終得点/順位
イシミズ タイキ,2022,スペシャリストクラス,2ディアボロ(固定)部門,89.6,1,最終得点/順位
イシミズ タイキ,2022,スペシャリストクラス,男子1ディアボロ水平軸(ベアリング)部門,89.0,1,最終得点/順位
イシミズ タイキ,2023,オーバーオールクラス,男子個人総合部門,83.9,2,最終得点/順位
イシミズ タイキ,2023,スペシャリストクラス,2ディアボロ(固定)部門,88.6,2,最終得点/順位
イシミズ タイキ,2023,スペシャリストクラス,男子1ディアボロ水平軸(ベアリング)部門,86.0,1,最終得点/順位
イシミズ タイキ,2024,オーバーオールクラス,男子個人総合部門,78.2,4,最終得点/順位
イシミズ タイキ,2024,スペシャリストクラス,2 ディアボロ(固定)部門,82.8,3,最終得点/順位
イシミズ タイキ,2024,スペシャリストクラス,男子 1 ディアボロ水平軸(ベアリング)部門,86.6,2,最終得点/順位
イシミズ タイキ,2024,チャレンジクラス,4 ディアボロロウ部門,270,1,回数/順位
イシミズ タイキ,2025,スペシャリストクラス,男子1ディアボロ水平軸(ベアリング)部門,83.2,2,最終得点/順位
イシミズ タイキ,2025,チャレンジクラス,4ディアボロロウ部門,329,1,回数/順位
イシミズ タイキ,2026,オーバーオールクラス,男子個人総合部門,82.8,2,最終得点/順位
イシミズ タイキ,2026,スペシャリストクラス,男子1ディアボロ水平軸(ベアリング)部門,82.4,1,最終得点/順位
イシミズ タイキ,2026,チャレンジクラス,4ディアボロロウ部門,211,1,回数/順位
イシワタ スイ,2023,スペシャリストクラス,男子1ディアボロ水平軸(固定)部門,57.4,15,最終得点/順位
イソベ タクミ,2015,オーバーオールクラス,男子個人総合部門,83.10,4,最終得点/順位
イソベ タクミ,2015,スペシャリストクラス,男子1ディアボロ水平(ベアリング)軸部門,72.50,9,最終得点/順位
イソベ タクミ,2017,オーバーオールクラス,男子個人総合部門,77.3,9,最終得点/順位
イソベ タクミ,2017,スペシャリストクラス,男子1ディアボロ水平軸(ベアリング)部門,82.3,7,最終得点/順位
イソベ タクミ,2017,チャレンジクラス,男子1ディアボロ縄跳び部門,53,2,回数/順位
イソベ タクミ,2018,スペシャリストクラス,男子1ディアボロ水平軸(ベアリング)部門,72.8,6,最終得点/順位
イソベ タクミ,2023,スペシャリストクラス,男子1ディアボロ水平軸(ベアリング)部門,79.6,4,最終得点/順位
イソベ タクミ,2026,スペシャリストクラス,男子1ディアボロ水平軸(ベアリング)部門,73.8,4,最終得点/順位
イタニ ホノカ,2017,スペシャリストクラス,女子1ディアボロ部門,72.1,6,最終得点/順位
イチカワ ホタル,2021,オーバーオールクラス,女子個人総合ジュニア部門,68.2,1,最終得点/順位
イチカワ ホタル,2021,チャレンジクラス,女子1ディアボロ縄跳び部門,33,1,回数/順位
イチカワ ホタル,2021,チャレンジクラス,女子1ディアボロ足回り部門,95,1,回数/順位
イチカワ ホタル,2022,オーバーオールクラス,女子個人総合ジュニア部門,69.9,1,最終得点/順位
イチカワ ホタル,2022,スペシャリストクラス,女子1ディアボロ部門,64.6,2,最終得点/順位
イチカワ ホタル,2022,チャレンジクラス,チャレンジクラス(部門詳細不明),102,1,回数/順位
イチカワ ホタル,2022,チャレンジクラス,女子1ディアボロ縄跳び部門,23,1,回数/順位
イチカワ ホタル,2023,オーバーオールクラス,女子個人総合ジュニア部門,74.1,1,最終得点/順位
イチカワ ホタル,2023,チャレンジクラス,チャレンジクラス(部門詳細不明),87,1,回数/順位
イチカワ ホタル,2023,チャレンジクラス,女子1ディアボロ縄跳び部門,29,1,回数/順位
イチカワ ユウマ,2019,オーバーオールクラス,男子個人総合ジュニア部門,65.4,4,最終得点/順位
イチカワ ユウマ,2021,オーバーオールクラス,男子個人総合ジュニア部門,70.2,4,最終得点/順位
イチカワ ユウマ,2021,スペシャリストクラス,2ディアボロ(固定)部門,65.3,6,最終得点/順位
イチカワ ユウマ,2021,チャレンジクラス,男子1ディアボロ縄跳び部門,30,3,回数/順位
イチカワ ユウマ,2022,オーバーオールクラス,男子個人総合ジュニア部門,67.5,3,最終得点/順位
イチカワ ユウマ,2022,スペシャリストクラス,3ディアボロ部門,70.6,3,最終得点/順位
イチカワ ユウマ,2023,オーバーオールクラス,男子個人総合ジュニア部門,76.6,3,最終得点/順位
イチカワ ユウマ,2023,スペシャリストクラス,2ディアボロ(固定)部門,70.8,9,最終得点/順位
イトウ ブンジ,2018,スペシャリストクラス,男子1ディアボロ垂直軸部門,79.7,7,最終得点/順位
イトウ マユ,2015,スペシャリストクラス,女子1ディアボロ部門,56.50,10,最終得点/順位
イトウ マユ,2016,スペシャリストクラス,女子1ディアボロ部門,62.3,5,最終得点/順位
イナバ ワタル,2018,スペシャリストクラス,男子1ディアボロ水平軸(固定)部門,72.7,9,最終得点/順位
イナバ ワタル,2019,スペシャリストクラス,男子1ディアボロ水平軸(固定)部門,77.2,6,最終得点/順位
イナバ ワタル,2021,スペシャリストクラス,男子1ディアボロ水平軸(固定)部門,85.0,1,最終得点/順位
イナバ ワタル,2021,チャレンジクラス,男子1ディアボロ縄跳び部門,8,7,回数/順位
イナバ ワタル,2022,スペシャリストクラス,男子1ディアボロ水平軸(固定)部門,85.2,2,最終得点/順位
イナバ ワタル,2022,チャレンジクラス,チャレンジクラス(部門詳細不明),86,2,回数/順位
イナバ ワタル,2023,スペシャリストクラス,男子1ディアボロ水平軸(固定)部門,89.2,1,最終得点/順位
イナバ ワタル,2024,スペシャリストクラス,男子 1 ディアボロ水平軸(固定)部門,84.7,3,最終得点/順位
イナバ ワタル,2025,スペシャリストクラス,男子1ディアボロ水平軸(固定)部門,80.1,3,最終得点/順位
イナバ ワタル,2026,オーバーオールクラス,男子個人総合部門,62.4,7,最終得点/順位
イナバ ワタル,2026,スペシャリストクラス,男子1ディアボロ水平軸(固定)部門,87.4,3,最終得点/順位
イリエ コウシロウ,2017,スペシャリストクラス,2ディアボロ(固定)部門,65.1,8,最終得点/順位
イリエ コウシロウ,2017,スペシャリストクラス,男子1ディアボロ水平軸(ベアリング)部門,70.2,13,最終得点/順位
イリエ コウシロウ,2017,スペシャリストクラス,男子1ディアボロ水平軸(固定)部門,67.5,11,最終得点/順位
イリエ コウシロウ,2018,スペシャリストクラス,2ディアボロ(固定)部門,82.0,2,最終得点/順位
イリエ コウシロウ,2018,スペシャリストクラス,男子1ディアボロ水平軸(固定)部門,82.6,4,最終得点/順位
イリエ コウシロウ,2019,スペシャリストクラス,2ディアボロ(固定)部門,73.0,4,最終得点/順位
イリエ コウシロウ,2019,スペシャリストクラス,男子1ディアボロ水平軸(ベアリング)部門,73.7,8,最終得点/順位
イリエ コウシロウ,2019,スペシャリストクラス,男子1ディアボロ水平軸(固定)部門,83.2,3,最終得点/順位
イリエ コウシロウ,2021,スペシャリストクラス,2ディアボロ(ベアリング)部門,棄権,-,最終得点/順位
イリエ コウシロウ,2021,スペシャリストクラス,2ディアボロ(固定)部門,66.5,5,最終得点/順位
イリエ コウシロウ,2021,スペシャリストクラス,男子1ディアボロ水平軸(固定)部門,78.3,4,最終得点/順位
イリエ コウシロウ,2021,チャレンジクラス,男子1ディアボロ縄跳び部門,22,5,回数/順位
イリエ コウシロウ,2022,スペシャリストクラス,2ディアボロ(固定)部門,74.4,4,最終得点/順位
イリエ コウシロウ,2022,スペシャリストクラス,男子1ディアボロ水平軸(固定)部門,83.5,4,最終得点/順位
イリエ コウシロウ,2022,チャレンジクラス,男子1ディアボロ縄跳び部門,26,2,回数/順位
イリエ コウシロウ,2023,スペシャリストクラス,2ディアボロ(固定)部門,82.3,5,最終得点/順位
イリエ コウシロウ,2023,スペシャリストクラス,男子1ディアボロ水平軸(固定)部門,80.2,8,最終得点/順位
イリエ コウシロウ,2024,スペシャリストクラス,2 ディアボロ(固定)部門,84.2,2,最終得点/順位
イリエ コウシロウ,2025,スペシャリストクラス,2ディアボロ(固定)部門,80.7,2,最終得点/順位
イリエ コウシロウ,2025,スペシャリストクラス,男子1ディアボロ水平軸(固定)部門,84.1,2,最終得点/順位
イリエ コウシロウ,2026,スペシャリストクラス,2ディアボロ(固定)部門,73.0,2,最終得点/順位
イワナデ ユウト,2026,オーバーオールクラス,男子個人総合ジュニア部門,68.6,3,最終得点/順位
ウエダ ハジメ,2016,スペシャリストクラス,男子1ディアボロ水平軸(ベアリング)部門,65.0,11,最終得点/順位
ウエダ ハジメ,2018,チャレンジクラス,トリイ ヒロキミ    63    1    B            4ディアボロロウ部門,19,7,回数/順位
ウジイエ ミチト,2015,オーバーオールクラス,男子個人総合部門,-,DEF,最終得点/順位
ウラヤマ マサツグ,2023,スペシャリストクラス,男子1ディアボロ垂直軸部門,57.7,6,最終得点/順位
ウラヤマ マサツグ,2024,スペシャリストクラス,2 ディアボロ(ベアリング)部門,55.6,3,最終得点/順位
ウラヤマ マサツグ,2024,スペシャリストクラス,男子 1 ディアボロ垂直軸部門,57.4,9,最終得点/順位
ウラヤマ マサツグ,2025,スペシャリストクラス,男子1ディアボロ垂直軸部門,52.0,8,最終得点/順位
ウラヤマ マサツグ,2026,スペシャリストクラス,男子1ディアボロ垂直軸部門,61.7,7,最終得点/順位
ウラワ アラタ,2018,チャレンジクラス,トリイ ヒロキミ    63    1    B            4ディアボロロウ部門,48,3,回数/順位
エンドウ マモル,2019,スペシャリストクラス,男子1ディアボロ水平軸(ベアリング)部門,76.2,6,最終得点/順位
エンドウ マモル,2021,スペシャリストクラス,男子1ディアボロ水平軸(ベアリング)部門,75.1,2,最終得点/順位
エンドウ マモル,2022,スペシャリストクラス,男子1ディアボロ水平軸(ベアリング)部門,80.1,3,最終得点/順位
エンドウ マモル,2023,スペシャリストクラス,男子1ディアボロ水平軸(ベアリング)部門,82.5,2,最終得点/順位
エンドウ マモル,2024,スペシャリストクラス,男子 1 ディアボロ水平軸(ベアリング)部門,81.4,3,最終得点/順位
エンドウ マモル,2025,スペシャリストクラス,2ディアボロ(ベアリング)部門,76.1,3,最終得点/順位
エンドウ マモル,2025,スペシャリストクラス,男子1ディアボロ水平軸(ベアリング)部門,80.9,3,最終得点/順位
エンドウ マモル,2026,スペシャリストクラス,男子1ディアボロ水平軸(ベアリング)部門,81.5,2,最終得点/順位
オオイ ツグミ,2015,スペシャリストクラス,女子1ディアボロ部門,66.00,7,最終得点/順位
オオイ ツグミ,2016,スペシャリストクラス,女子1ディアボロ部門,75.8,2,最終得点/順位
オオイ ツグミ,2017,スペシャリストクラス,女子1ディアボロ部門,68.9,8,最終得点/順位
オオイ ツグミ,2018,スペシャリストクラス,女子1ディアボロ部門,76.5,4,最終得点/順位
オオイ ツグミ,2019,スペシャリストクラス,女子1ディアボロ部門,5,場外2回,最終得点/順位
オオイシ マユ,2017,スペシャリストクラス,女子1ディアボロ部門,73.2,5,最終得点/順位
オオイシ マユ,2018,スペシャリストクラス,女子1ディアボロ部門,-,DNS,最終得点/順位
オオイシ マユ,2019,スペシャリストクラス,女子1ディアボロ部門,70.5,2,最終得点/順位
オオサワ アイカ,2015,オーバーオールクラス,女子個人総合部門,77.45,4,最終得点/順位
オオサワ アイカ,2015,スペシャリストクラス,女子1ディアボロ部門,80.88,2,最終得点/順位
オオスミ ヒラキ,2019,スペシャリストクラス,男子1ディアボロ水平軸(固定)部門,76.4,7,最終得点/順位
オオスミ ヒラキ,2022,オーバーオールクラス,男子個人総合部門,75.4,4,最終得点/順位
オオセ タカカズ,2025,オーバーオールクラス,男子個人総合ジュニア部門,74.8,2,最終得点/順位
オオツカ タカアキ,2019,スペシャリストクラス,男子1ディアボロ水平軸(ベアリング)部門,64.6,12,最終得点/順位
オオデ サエ,2015,オーバーオールクラス,女子個人総合部門,65.65,7,最終得点/順位
オオデ サエ,2015,スペシャリストクラス,女子1ディアボロ部門,56.38,11,最終得点/順位
オオデ サエ,2016,オーバーオールクラス,女子個人総合部門,67.3,8,最終得点/順位
オオデ サエ,2016,スペシャリストクラス,女子1ディアボロ部門,65.6,4,最終得点/順位
オオハシ レント,2025,スペシャリストクラス,男子1ディアボロ水平軸(ベアリング)部門,64.4,9,最終得点/順位
オオハラ ユウト,2017,スペシャリストクラス,男子1ディアボロ水平軸(ベアリング)部門,71.4,12,最終得点/順位
オオハラ ユウト,2017,チャレンジクラス,トリイ ケン    142    4    E            2ディアボロペアパス部門,100,5,回数/順位
オオホリ ユウタロウ,2015,スペシャリストクラス,男子1ディアボロ垂直軸部門,75.50,12,最終得点/順位
オオホリ ユウタロウ,2016,スペシャリストクラス,男子1ディアボロ垂直軸部門,78.7,10,最終得点/順位
オオホリ ユウタロウ,2017,スペシャリストクラス,男子1ディアボロ垂直軸部門,69.2,10,最終得点/順位
オオミ ユウスケ,2015,スペシャリストクラス,男子1ディアボロ垂直軸部門,77.00,9,最終得点/順位
オオミ ユウスケ,2016,スペシャリストクラス,男子1ディアボロ垂直軸部門,73.4,18,最終得点/順位
オオモリ キョウスケ,2018,スペシャリストクラス,男子1ディアボロ水平軸(固定)部門,54.3,15,最終得点/順位
オオモリ ノゾミ,2026,オーバーオールクラス,女子個人総合ジュニア部門,62.0,2,最終得点/順位
オオヤ ユキナガ,2015,スペシャリストクラス,2ディアボロ部門,65.83,13,最終得点/順位
オオヤ ユキナガ,2015,スペシャリストクラス,男子1ディアボロ垂直軸部門,66.33,20,最終得点/順位
オオヤ ユキナガ,2015,スペシャリストクラス,男子1ディアボロ水平(ベアリング)軸部門,80.67,2,最終得点/順位
オオヤ ユキナガ,2015,スペシャリストクラス,男子1ディアボロ水平(固定)軸部門,83.00,1,最終得点/順位
オオヤ ユキナガ,2016,スペシャリストクラス,男子1ディアボロ水平軸(固定)部門,75.9,6,最終得点/順位
オオヤ ユキナガ,2018,スペシャリストクラス,男子1ディアボロ水平軸(固定)部門,74.0,8,最終得点/順位
オカダ サキ,2017,チャレンジクラス,ヨコイ ユキナ   108    1    C            4ディアボロロウ部門,82,3,回数/順位
オカダ トウヤ,2026,スペシャリストクラス,男子1ディアボロ垂直軸部門,61.1,8,最終得点/順位
オガタ タイセイ,2025,オーバーオールクラス,男子個人総合ジュニア部門,57.4,5,最終得点/順位
オガタ タイセイ,2026,オーバーオールクラス,男子個人総合ジュニア部門,54.7,5,最終得点/順位
オガタ リュウセイ,2025,オーバーオールクラス,男子個人総合ジュニア部門,65.8,3,最終得点/順位
オガタ リュウセイ,2026,オーバーオールクラス,男子個人総合ジュニア部門,59.8,4,最終得点/順位
オガワ ユウゴ,2017,スペシャリストクラス,男子1ディアボロ垂直軸部門,74.3,9,最終得点/順位
オクノ ムツミ,2018,チャレンジクラス,女子1ディアボロ縄跳び部門,13,3,回数/順位
オバタ リョウヤ,2015,スペシャリストクラス,男子1ディアボロ水平(固定)軸部門,61.13,13,最終得点/順位
オバタ リョウヤ,2016,オーバーオールクラス,男子個人総合部門,67.7,10,最終得点/順位
オバタ リョウヤ,2016,スペシャリストクラス,2ディアボロ(固定)部門,77.6,6,最終得点/順位
オバタ リョウヤ,2018,オーバーオールクラス,男子個人総合部門,71.0,6,最終得点/順位
オバタ リョウヤ,2018,スペシャリストクラス,2ディアボロ(固定)部門,81.9,3,最終得点/順位
オマガリ シンタロウ,2016,スペシャリストクラス,男子1ディアボロ水平軸(ベアリング)部門,76.1,7,最終得点/順位
オマガリ シンタロウ,2017,スペシャリストクラス,男子1ディアボロ水平軸(ベアリング)部門,83.1,6,最終得点/順位
オマガリ シンタロウ,2017,スペシャリストクラス,男子1ディアボロ水平軸(固定)部門,74.8,7,最終得点/順位
オマガリ シンタロウ,2019,スペシャリストクラス,男子1ディアボロ水平軸(ベアリング)部門,79.2,3,最終得点/順位
オマガリ シンタロウ,2019,スペシャリストクラス,男子1ディアボロ水平軸(固定)部門,82.1,4,最終得点/順位
オマガリ シンタロウ,2024,スペシャリストクラス,男子 1 ディアボロ水平軸(固定)部門,83.7,5,最終得点/順位
オマガリ シンタロウ,2025,スペシャリストクラス,男子1ディアボロ水平軸(固定)部門,74.7,5,最終得点/順位
オマガリ シンタロウ,2026,スペシャリストクラス,男子1ディアボロ水平軸(固定)部門,80.1,4,最終得点/順位
カサイ ユウヤ,2016,スペシャリストクラス,2ディアボロ(ベアリング)部門,70.1,5,最終得点/順位
カサイ ユウヤ,2016,スペシャリストクラス,男子1ディアボロ垂直軸部門,69.9,21,最終得点/順位
カサイ ユウヤ,2016,スペシャリストクラス,男子1ディアボロ水平軸(ベアリング)部門,70.3,9,最終得点/順位
カジハラ タツヒト,2017,オーバーオールクラス,男子個人総合ジュニア部門,66.6,6,最終得点/順位
カジハラ タツヒト,2018,チャレンジクラス,チャレンジクラス(部門詳細不明),132,4,回数/順位
カジハラ トモヒト,2023,チャレンジクラス,2ディアボロペアパス部門,40,3,回数/順位
カジハラ トモヒト,2023,チャレンジクラス,チャレンジクラス(部門詳細不明),102,1,回数/順位
カネヒラ シンイチ,2015,スペシャリストクラス,男子1ディアボロ水平(固定)軸部門,82.25,3,最終得点/順位
カネヒラ シンイチ,2016,オーバーオールクラス,男子個人総合部門,73.1,8,最終得点/順位
カネヒラ シンイチ,2016,スペシャリストクラス,3ディアボロ部門,70.7,6,最終得点/順位
カネヒラ シンイチ,2016,スペシャリストクラス,男子1ディアボロ水平軸(固定)部門,87.6,1,最終得点/順位
カネヒラ シンイチ,2017,オーバーオールクラス,男子個人総合部門,75.0,11,最終得点/順位
カネヒラ シンイチ,2017,スペシャリストクラス,男子1ディアボロ水平軸(固定)部門,88.4,1,最終得点/順位
カネヒラ シンイチ,2018,スペシャリストクラス,3ディアボロ部門,66.8,5,最終得点/順位
カネヒラ シンイチ,2018,スペシャリストクラス,男子1ディアボロ水平軸(固定)部門,84.8,2,最終得点/順位
カネヒラ シンイチ,2019,オーバーオールクラス,男子個人総合部門,77.6,5,最終得点/順位
カネヒラ シンイチ,2019,スペシャリストクラス,3ディアボロ部門,67.9,4,最終得点/順位
カネヒラ シンイチ,2022,スペシャリストクラス,2ディアボロ(固定)部門,76.5,3,最終得点/順位
カネヒラ シンイチ,2022,スペシャリストクラス,男子1ディアボロ水平軸(固定)部門,84.0,3,最終得点/順位
カネヒラ シンイチ,2023,スペシャリストクラス,2ディアボロ(固定)部門,89.2,1,最終得点/順位
カネヒラ シンイチ/アキバ ヨウスケ,2025,チャレンジクラス,2ディアボロペアパス部門,48,1,回数/順位
カミヤ ガク,2016,オーバーオールクラス,男子個人総合部門,73.1,9,最終得点/順位
カメイ ヒロキ,2015,オーバーオールクラス,男子個人総合部門,79.10,8,最終得点/順位
カメイ ヒロキ,2015,スペシャリストクラス,2ディアボロ部門,78.67,8,最終得点/順位
カメイ ヒロキ,2015,スペシャリストクラス,男子1ディアボロ垂直軸部門,80.00,3,最終得点/順位
カメイ ヒロキ,2016,オーバーオールクラス,男子個人総合部門,81.7,3,最終得点/順位
カメイ ヒロキ,2016,スペシャリストクラス,男子1ディアボロ垂直軸部門,85.5,5,最終得点/順位
カメイ ヒロキ,2017,オーバーオールクラス,男子個人総合部門,81.6,5,最終得点/順位
カメイ ヒロキ,2017,スペシャリストクラス,男子1ディアボロ垂直軸部門,80.0,3,最終得点/順位
カメイ ヒロキ,2018,オーバーオールクラス,男子個人総合部門,69.9,7,最終得点/順位
カメイ ヒロキ,2018,スペシャリストクラス,2ディアボロ(ベアリング)部門,85.0,1,最終得点/順位
カメイ ヒロキ,2018,スペシャリストクラス,男子1ディアボロ垂直軸部門,86.5,2,最終得点/順位
カメイ ヒロキ,2019,オーバーオールクラス,男子個人総合部門,80.8,2,最終得点/順位
カメイ ヒロキ,2019,スペシャリストクラス,2ディアボロ(ベアリング)部門,76.8,4,最終得点/順位
カメイ ヒロキ,2019,スペシャリストクラス,男子1ディアボロ垂直軸部門,81.4,2,最終得点/順位
カメイ ヒロキ,2021,スペシャリストクラス,男子1ディアボロ垂直軸部門,78.5,4,最終得点/順位
カメイ ヒロキ,2022,スペシャリストクラス,男子1ディアボロ垂直軸部門,79.4,3,最終得点/順位
カメイ ヒロキ,2022,スペシャリストクラス,男子1ディアボロ水平軸(ベアリング)部門,79.1,4,最終得点/順位
カメイ ヒロキ,2023,スペシャリストクラス,男子1ディアボロ垂直軸部門,72.7,5,最終得点/順位
カメイ ヒロキ,2024,スペシャリストクラス,男子 1 ディアボロ垂直軸部門,79.6,4,最終得点/順位
カメイ ヒロキ,2025,スペシャリストクラス,男子1ディアボロ垂直軸部門,72.1,4,最終得点/順位
カワサキ ヤマト,2026,スペシャリストクラス,男子1ディアボロ水平軸(固定)部門,54.7,12,最終得点/順位
カワハラ スグル,2024,スペシャリストクラス,男子 1 ディアボロ水平軸(ベアリング)部門,60.5,8,最終得点/順位
カワハラ スグル,2025,スペシャリストクラス,男子1ディアボロ水平軸(ベアリング)部門,74.9,5,最終得点/順位
カワハラ スグル,2026,スペシャリストクラス,男子1ディアボロ水平軸(ベアリング)部門,78.8,3,最終得点/順位
カワバタ ミノリ,2015,スペシャリストクラス,女子1ディアボロ部門,76.13,3,最終得点/順位
カワムラ タカシ,2019,スペシャリストクラス,男子1ディアボロ水平軸(固定)部門,70.0,9,最終得点/順位
カワムラ タカシ,2021,オーバーオールクラス,男子個人総合部門,76.6,5,最終得点/順位
カン タカフミ,2018,オーバーオールクラス,男子個人総合部門,75.7,4,最終得点/順位
カン タカフミ,2018,スペシャリストクラス,3ディアボロ部門,65.3,6,最終得点/順位
カン タカフミ,2019,オーバーオールクラス,男子個人総合部門,73.0,10,最終得点/順位
カンザワ リョウスケ,2019,スペシャリストクラス,男子1ディアボロ水平軸(固定)部門,60.3,10,最終得点/順位
カンザワ リョウスケ,2021,スペシャリストクラス,男子1ディアボロ水平軸(固定)部門,棄権,-,最終得点/順位
カンザワ リョウスケ,2022,オーバーオールクラス,男子個人総合部門,64.3,9,最終得点/順位
カンノ ジョウエイ,2015,スペシャリストクラス,男子1ディアボロ垂直軸部門,65.67,22,最終得点/順位
カンノ ジョウエイ,2017,スペシャリストクラス,男子1ディアボロ垂直軸部門,81.3,1,最終得点/順位
カンノ ジョウエイ,2022,スペシャリストクラス,男子1ディアボロ水平軸(固定)部門,89.3,1,最終得点/順位
カンノ ジョウエイ,2023,スペシャリストクラス,男子1ディアボロ水平軸(固定)部門,83.0,5,最終得点/順位
カンノ ジョウエイ,2024,スペシャリストクラス,男子 1 ディアボロ水平軸(固定)部門,91.7,1,最終得点/順位
カンノ ジョウエイ,2025,スペシャリストクラス,男子1ディアボロ水平軸(ベアリング)部門,86.1,1,最終得点/順位
カンノ ジョウエイ,2025,スペシャリストクラス,男子1ディアボロ水平軸(固定)部門,90.8,1,最終得点/順位
カンノ ジョウエイ,2026,スペシャリストクラス,男子1ディアボロ水平軸(固定)部門,90.8,2,最終得点/順位
キタハラ アイコ,2026,スペシャリストクラス,2ディアボロ(固定)部門,62.7,5,最終得点/順位
キヌガサ ナオキ,2015,スペシャリストクラス,男子1ディアボロ水平(固定)軸部門,19,時間超過,最終得点/順位
クサチ バンリ,2019,スペシャリストクラス,男子1ディアボロ垂直軸部門,76.0,7,最終得点/順位
クサチ バンリ,2021,スペシャリストクラス,男子1ディアボロ垂直軸部門,棄権,-,最終得点/順位
クドウ マサヒロ,2015,オーバーオールクラス,男子個人総合部門,83.10,5,最終得点/順位
クドウ マサヒロ,2015,スペシャリストクラス,2ディアボロ部門,87.00,3,最終得点/順位
クドウ マサヒロ,2015,スペシャリストクラス,3ディアボロ部門,68.25,1,最終得点/順位
クドウ マサヒロ,2015,スペシャリストクラス,男子1ディアボロ垂直軸部門,76.83,10,最終得点/順位
クドウ マサヒロ,2015,スペシャリストクラス,男子1ディアボロ水平(固定)軸部門,72.13,10,最終得点/順位
クドウ マサヒロ,2016,オーバーオールクラス,男子個人総合部門,73.3,7,最終得点/順位
クドウ マサヒロ,2016,スペシャリストクラス,2ディアボロ(固定)部門,76.3,7,最終得点/順位
クドウ マサヒロ,2016,スペシャリストクラス,3ディアボロ部門,85.6,1,最終得点/順位
クドウ マサヒロ,2016,スペシャリストクラス,男子1ディアボロ水平軸(固定)部門,82.7,3,最終得点/順位
クドウ マサヒロ,2017,オーバーオールクラス,男子個人総合部門,92.1,1,最終得点/順位
クドウ マサヒロ,2017,スペシャリストクラス,3ディアボロ部門,83.7,2,最終得点/順位
クドウ マサヒロ,2018,オーバーオールクラス,男子個人総合部門,82.6,2,最終得点/順位
クドウ マサヒロ,2018,スペシャリストクラス,男子1ディアボロ水平軸(固定)部門,76.0,6,最終得点/順位
クドウ マサヒロ,2019,オーバーオールクラス,男子個人総合部門,77.5,6,最終得点/順位
クドウ マサヒロ,2021,オーバーオールクラス,男子個人総合部門,82.6,2,最終得点/順位
クドウ マサヒロ,2022,オーバーオールクラス,男子個人総合部門,82.8,1,最終得点/順位
クドウ マサヒロ,2023,オーバーオールクラス,男子個人総合部門,81.2,3,最終得点/順位
クドウ マサヒロ,2023,チャレンジクラス,2ディアボロペアパス部門,57,2,回数/順位
クドウ マサヒロ,2023,チャレンジクラス,チャレンジクラス(部門詳細不明),14,5,回数/順位
クニヤ ミズキ,2024,スペシャリストクラス,男子 1 ディアボロ水平軸(固定)部門,68.6,9,最終得点/順位
クニヤ ミズキ,2025,スペシャリストクラス,男子1ディアボロ水平軸(固定)部門,62.8,12,最終得点/順位
クボ ユウイチロウ,2017,オーバーオールクラス,男子個人総合部門,88.9,2,最終得点/順位
クボ ユウイチロウ,2017,スペシャリストクラス,2ディアボロ(固定)部門,81.2,5,最終得点/順位
クボ ユウイチロウ,2017,スペシャリストクラス,男子1ディアボロ水平軸(ベアリング)部門,85.2,5,最終得点/順位
クボタ タイガ,2016,スペシャリストクラス,2ディアボロ(ベアリング)部門,77.1,4,最終得点/順位
クボタ タイガ,2017,スペシャリストクラス,男子1ディアボロ水平軸(固定)部門,82.6,4,最終得点/順位
クボタ タイガ,2018,スペシャリストクラス,男子1ディアボロ水平軸(固定)部門,67.7,11,最終得点/順位
クボタ タイガ,2019,スペシャリストクラス,男子1ディアボロ水平軸(固定)部門,-,DNS,最終得点/順位
クボタ タイガ,2021,スペシャリストクラス,男子1ディアボロ水平軸(固定)部門,78.8,3,最終得点/順位
クボタ タイガ,2022,スペシャリストクラス,男子1ディアボロ水平軸(固定)部門,77.7,5,最終得点/順位
クボタ タイガ,2023,スペシャリストクラス,男子1ディアボロ水平軸(固定)部門,87.0,2,最終得点/順位
クボタ タイガ,2024,スペシャリストクラス,男子 1 ディアボロ水平軸(固定)部門,84.2,4,最終得点/順位
クボタ タイガ,2025,スペシャリストクラス,男子1ディアボロ水平軸(固定)部門,73.3,8,最終得点/順位
クラサワ エイジ,2015,スペシャリストクラス,3ディアボロ部門,66.00,2,最終得点/順位
クロキ シュン,2016,スペシャリストクラス,男子1ディアボロ水平軸(ベアリング)部門,-,DNS,最終得点/順位
クロギ キョウタロウ,2026,スペシャリストクラス,男子1ディアボロ水平軸(固定)部門,65.8,10,最終得点/順位
コイズミ ユウキ,2018,スペシャリストクラス,2ディアボロ(ベアリング)部門,71.8,4,最終得点/順位
コイズミ ユウキ,2019,オーバーオールクラス,男子個人総合部門,76.7,8,最終得点/順位
コイズミ ユウキ,2019,スペシャリストクラス,2ディアボロ(ベアリング)部門,79.3,3,最終得点/順位
コクブン ナオユキ,2015,スペシャリストクラス,男子1ディアボロ水平(固定)軸部門,56.38,15,最終得点/順位
コサカ リョウタ,2015,オーバーオールクラス,高校生男子個人総合部門,58.40,3,最終得点/順位
コサカ リョウタ,2015,スペシャリストクラス,男子1ディアボロ水平(ベアリング)軸部門,60.83,15,最終得点/順位
コサカ リョウタ,2016,オーバーオールクラス,高校生男子個人総合部門,78.0,1,最終得点/順位
コサカ リョウタ,2019,オーバーオールクラス,男子個人総合部門,80.2,3,最終得点/順位
コサカ リョウタ,2019,スペシャリストクラス,男子1ディアボロ水平軸(固定)部門,85.2,2,最終得点/順位
コサカ リョウタ,2021,スペシャリストクラス,男子1ディアボロ水平軸(固定)部門,74.3,6,最終得点/順位
コサカ リョウタ,2022,スペシャリストクラス,2ディアボロ(固定)部門,68.7,5,最終得点/順位
コサカ リョウタ,2023,オーバーオールクラス,男子個人総合部門,80.1,4,最終得点/順位
コサカ リョウタ,2023,スペシャリストクラス,2ディアボロ(固定)部門,85.5,4,最終得点/順位
コサカ リョウタ,2023,スペシャリストクラス,男子1ディアボロ水平軸(固定)部門,84.3,3,最終得点/順位
コサカ リョウタ,2024,オーバーオールクラス,男子個人総合部門,70.9,6,最終得点/順位
コサカ リョウタ,2024,スペシャリストクラス,男子 1 ディアボロ水平軸(ベアリング)部門,75.0,7,最終得点/順位
コサカ リョウタ,2025,スペシャリストクラス,2ディアボロ(固定)部門,60.7,8,最終得点/順位
コサカ リョウタ,2026,スペシャリストクラス,2ディアボロ(固定)部門,71.6,3,最終得点/順位
コサキ ジュン,2015,スペシャリストクラス,男子1ディアボロ垂直軸部門,75.33,13,最終得点/順位
コサキ ジュン,2016,スペシャリストクラス,男子1ディアボロ垂直軸部門,74.0,16,最終得点/順位
コサキ ジュン,2016,スペシャリストクラス,男子1ディアボロ水平軸(ベアリング)部門,66.5,10,最終得点/順位
コサキ ジュン,2017,スペシャリストクラス,男子1ディアボロ垂直軸部門,74.8,8,最終得点/順位
コサキ ジュン,2018,スペシャリストクラス,男子1ディアボロ垂直軸部門,75.3,8,最終得点/順位
コサキ ジュン,2019,スペシャリストクラス,男子1ディアボロ垂直軸部門,77.8,4,最終得点/順位
コサキ ジュン,2021,スペシャリストクラス,男子1ディアボロ垂直軸部門,71.3,7,最終得点/順位
コサキ ジュン,2022,スペシャリストクラス,男子1ディアボロ垂直軸部門,74.5,6,最終得点/順位
コジマ ユウキ,2015,スペシャリストクラス,男子1ディアボロ水平(ベアリング)軸部門,-,DEF,最終得点/順位
コセキ メグミ,2015,オーバーオールクラス,女子個人総合部門,75.70,5,最終得点/順位
コセキ メグミ,2015,スペシャリストクラス,女子1ディアボロ部門,66.13,6,最終得点/順位
コセキ メグミ,2021,スペシャリストクラス,女子1ディアボロ部門,74.2,1,最終得点/順位
コセキ メグミ,2021,チャレンジクラス,女子1ディアボロ足回り部門,82,3,回数/順位
コバヤシ マサト,2015,スペシャリストクラス,男子1ディアボロ垂直軸部門,72.67,16,最終得点/順位
コマツ ナオト,2016,スペシャリストクラス,男子1ディアボロ水平軸(ベアリング)部門,77.7,4,最終得点/順位
コマツ ナオト,2017,スペシャリストクラス,男子1ディアボロ水平軸(ベアリング)部門,81.7,8,最終得点/順位
コマツ ナオト,2019,スペシャリストクラス,男子1ディアボロ水平軸(ベアリング)部門,-,DNS,最終得点/順位
コマツ ナオト,2021,スペシャリストクラス,男子1ディアボロ水平軸(ベアリング)部門,棄権,-,最終得点/順位
コヤマヒナタ,2019,チャレンジクラス,チャレンジクラス(部門詳細不明),58,2,回数/順位
コンドウ アサキ,2017,チャレンジクラス,ヨコイ ユキナ   108    1    C            4ディアボロロウ部門,87,2,回数/順位
コンドウ シュウト,2026,スペシャリストクラス,男子1ディアボロ水平軸(ベアリング)部門,58.7,6,最終得点/順位
サイトウ テツノリ,2015,スペシャリストクラス,男子1ディアボロ垂直軸部門,79.50,4,最終得点/順位
サイトウ テツノリ,2016,スペシャリストクラス,2ディアボロ(固定)部門,73.5,10,最終得点/順位
サイトウ テツノリ,2018,チャレンジクラス,トリイ ヒロキミ    63    1    B            4ディアボロロウ部門,53,2,回数/順位
サイトウ ヒロキ,2015,スペシャリストクラス,男子1ディアボロ垂直軸部門,83.67,1,最終得点/順位
サイトウ ヒロキ,2017,オーバーオールクラス,男子個人総合部門,69.4,12,最終得点/順位
サイトウ リョウ,2022,スペシャリストクラス,3ディアボロ部門,74.7,2,最終得点/順位
サイトウ リョウ,2023,オーバーオールクラス,男子個人総合部門,棄権,-,最終得点/順位
サイトウ リョウ,2023,スペシャリストクラス,3ディアボロ部門,棄権,-,最終得点/順位
サカイ シュンスケ,2016,オーバーオールクラス,高校生男子個人総合部門,75.7,2,最終得点/順位
サカイ チサ,2015,スペシャリストクラス,女子1ディアボロ部門,64.38,8,最終得点/順位
サカマキ タカマサ,2017,スペシャリストクラス,男子1ディアボロ水平軸(ベアリング)部門,72.5,11,最終得点/順位
サカマキ タカマサ,2019,スペシャリストクラス,男子1ディアボロ水平軸(ベアリング)部門,71.2,9,最終得点/順位
サクライ ユウト,2025,スペシャリストクラス,男子1ディアボロ水平軸(ベアリング)部門,64.6,8,最終得点/順位
サクライ リョウ,2019,オーバーオールクラス,男子個人総合部門,72.1,11,最終得点/順位
サトウ ショウヘイ,2018,オーバーオールクラス,高校生男子個人総合部門,58.0,6,最終得点/順位
サトウ ショウヘイ,2018,スペシャリストクラス,男子1ディアボロ垂直軸部門,67.2,11,最終得点/順位
サトウ チエ,2017,スペシャリストクラス,女子1ディアボロ部門,76.1,4,最終得点/順位
サトウ ノブ,2023,スペシャリストクラス,男子1ディアボロ水平軸(固定)部門,72.4,11,最終得点/順位
サトウ ヒロミチ,2017,スペシャリストクラス,男子1ディアボロ水平軸(固定)部門,70.8,10,最終得点/順位
シノキ ユウヤ,2016,スペシャリストクラス,男子1ディアボロ水平軸(固定)部門,69.8,8,最終得点/順位
シバタ コウキ,2025,スペシャリストクラス,男子1ディアボロ水平軸(ベアリング)部門,65.5,7,最終得点/順位
シバタ コウキ,2026,スペシャリストクラス,男子1ディアボロ垂直軸部門,60.8,9,最終得点/順位
シミズ アサヒ,2025,オーバーオールクラス,男子個人総合ジュニア部門,75.7,1,最終得点/順位
シミズ コウタ,2015,オーバーオールクラス,男子個人総合部門,83.70,3,最終得点/順位
シミズ コウタ,2015,スペシャリストクラス,男子1ディアボロ水平(固定)軸部門,78.13,5,最終得点/順位
シミズ コウタ,2017,スペシャリストクラス,2ディアボロ(ベアリング)部門,3,場外,最終得点/順位
シミズ コウタ,2017,スペシャリストクラス,男子1ディアボロ水平軸(ベアリング)部門,85.3,4,最終得点/順位
シミズ コウタ,2019,スペシャリストクラス,男子1ディアボロ水平軸(ベアリング)部門,84.1,2,最終得点/順位
シミズ コウタ,2023,スペシャリストクラス,男子1ディアボロ水平軸(ベアリング)部門,棄権,-,最終得点/順位
シミズ コウタ,2024,スペシャリストクラス,男子 1 ディアボロ水平軸(ベアリング)部門,76.0,6,最終得点/順位
シミズ ショウタ,2021,スペシャリストクラス,2ディアボロ(固定)部門,75.3,1,最終得点/順位
シミズ ショウタ,2026,スペシャリストクラス,2ディアボロ(固定)部門,61.3,6,最終得点/順位
シミズ リク,2026,スペシャリストクラス,男子1ディアボロ垂直軸部門,53.7,11,最終得点/順位
シムラ ユイ,2018,スペシャリストクラス,2ディアボロ(固定)部門,67.3,9,最終得点/順位
シムラ ユイ,2019,スペシャリストクラス,2ディアボロ(固定)部門,72.8,5,最終得点/順位
シモジ ケイタ,2016,スペシャリストクラス,男子1ディアボロ垂直軸部門,64.5,23,最終得点/順位
シライシ アイリ,2016,スペシャリストクラス,女子1ディアボロ部門,77.2,1,最終得点/順位
シライシ アイリ,2017,スペシャリストクラス,女子1ディアボロ部門,76.7,3,最終得点/順位
シライシ アイリ,2018,スペシャリストクラス,女子1ディアボロ部門,86.6,1,最終得点/順位
シライシ アイリ,2019,スペシャリストクラス,女子1ディアボロ部門,77.5,1,最終得点/順位
シンプク ナオヤ,2023,スペシャリストクラス,男子1ディアボロ水平軸(ベアリング)部門,74.6,5,最終得点/順位
スギト ヨウタ,2018,スペシャリストクラス,2ディアボロ(固定)部門,72.9,6,最終得点/順位
スギト ヨウタ,2019,オーバーオールクラス,男子個人総合部門,77.3,7,最終得点/順位
スギト ヨウタ,2023,スペシャリストクラス,男子1ディアボロ水平軸(固定)部門,83.4,4,最終得点/順位
スケダ イッセイ,2015,オーバーオールクラス,男子個人総合ジュニア部門,61.65,4,最終得点/順位
スケダ イッセイ,2016,オーバーオールクラス,高校生男子個人総合部門,62.8,3,最終得点/順位
スズキ アキト,2021,スペシャリストクラス,男子1ディアボロ垂直軸部門,71.9,6,最終得点/順位
スズキ アキト,2024,スペシャリストクラス,男子 1 ディアボロ垂直軸部門,74.6,7,最終得点/順位
スズキ アキト,2025,スペシャリストクラス,男子1ディアボロ垂直軸部門,70.8,6,最終得点/順位
スズキ カナタ,2025,スペシャリストクラス,男子1ディアボロ水平軸(ベアリング)部門,67.0,6,最終得点/順位
スズキ タカユキ,2015,スペシャリストクラス,男子1ディアボロ垂直軸部門,77.17,8,最終得点/順位
スズキ タカユキ,2017,スペシャリストクラス,男子1ディアボロ垂直軸部門,69.0,11,最終得点/順位
スダ エリカ,2015,オーバーオールクラス,女子個人総合部門,85.95,2,最終得点/順位
スダ エリカ,2016,オーバーオールクラス,女子個人総合部門,82.1,3,最終得点/順位
スダ エリカ,2019,オーバーオールクラス,女子個人総合部門,79.2,1,最終得点/順位
スダ エリカ,2019,スペシャリストクラス,女子1ディアボロ部門,66.8,4,最終得点/順位
スダ エリカ,2022,オーバーオールクラス,女子個人総合部門,78.2,1,最終得点/順位
スダ エリカ,2022,スペシャリストクラス,女子1ディアボロ部門,71.0,1,最終得点/順位
スダ エリカ,2023,オーバーオールクラス,女子個人総合部門,74.9,1,最終得点/順位
スダ エリカ,2023,スペシャリストクラス,女子1ディアボロ部門,76.1,1,最終得点/順位
スドウ ケイタ,2023,スペシャリストクラス,男子1ディアボロ水平軸(固定)部門,80.1,9,最終得点/順位
スドウ ケイタ,2024,スペシャリストクラス,男子 1 ディアボロ水平軸(固定)部門,82.8,6,最終得点/順位
スドウ ケイタ,2025,スペシャリストクラス,男子1ディアボロ水平軸(固定)部門,73.8,6,最終得点/順位
スドウ マキ,2016,オーバーオールクラス,女子個人総合部門,82.8,2,最終得点/順位
スドウ マキ,2017,オーバーオールクラス,女子個人総合部門,78.2,1,最終得点/順位
スドウ マキ,2017,スペシャリストクラス,女子1ディアボロ部門,85.7,2,最終得点/順位
スドウ マキ,2018,オーバーオールクラス,女子個人総合部門,80.3,1,最終得点/順位
スドウ マキ,2018,スペシャリストクラス,3ディアボロ部門,56.1,7,最終得点/順位
スドウ マキ,2018,スペシャリストクラス,女子1ディアボロ部門,78.6,3,最終得点/順位
スドウ マキ,2018,チャレンジクラス,女子1ディアボロ縄跳び部門,23,1,回数/順位
スドウ マキ,2019,オーバーオールクラス,女子個人総合部門,-,DNS,最終得点/順位
スドウ マキ,2019,スペシャリストクラス,3ディアボロ部門,-,DNS,最終得点/順位
スドウ マキ,2021,オーバーオールクラス,女子個人総合部門,74.3,2,最終得点/順位
スナハラ ヒロト,2019,スペシャリストクラス,2ディアボロ(ベアリング)部門,76.2,5,最終得点/順位
スナハラ ヒロト,2019,スペシャリストクラス,男子1ディアボロ垂直軸部門,74.7,8,最終得点/順位
スナハラ ヒロト,2021,スペシャリストクラス,2ディアボロ(ベアリング)部門,80.1,1,最終得点/順位
スナハラ ヒロト,2022,オーバーオールクラス,男子個人総合部門,69.1,7,最終得点/順位
スナハラ ヒロト,2022,スペシャリストクラス,2ディアボロ(ベアリング)部門,86.3,1,最終得点/順位
スナハラ ヒロト,2023,オーバーオールクラス,男子個人総合部門,77.5,6,最終得点/順位
スナハラ ヒロト,2023,スペシャリストクラス,2ディアボロ(ベアリング)部門,88.1,1,最終得点/順位
スナハラ ヒロト,2023,スペシャリストクラス,男子1ディアボロ垂直軸部門,73.0,4,最終得点/順位
スナハラ ヒロト,2024,スペシャリストクラス,2 ディアボロ(ベアリング)部門,82.2,1,最終得点/順位
スナハラ ヒロト,2024,スペシャリストクラス,男子 1 ディアボロ垂直軸部門,71.9,8,最終得点/順位
スナハラ ヒロト,2025,スペシャリストクラス,2ディアボロ(ベアリング)部門,79.3,2,最終得点/順位
スナハラ ヒロト,2026,オーバーオールクラス,男子個人総合部門,69.7,5,最終得点/順位
スナハラ ヒロト,2026,スペシャリストクラス,2ディアボロ(ベアリング)部門,90.5,1,最終得点/順位
スワ コウキ,2015,スペシャリストクラス,2ディアボロ部門,72.50,10,最終得点/順位
スワ コウキ,2015,スペシャリストクラス,男子1ディアボロ水平(ベアリング)軸部門,79.33,6,最終得点/順位
スワ コウキ,2015,スペシャリストクラス,男子1ディアボロ水平(固定)軸部門,72.88,8,最終得点/順位
スワ コウキ,2016,スペシャリストクラス,男子1ディアボロ水平軸(ベアリング)部門,76.8,6,最終得点/順位
スワ ヒロキ,2024,スペシャリストクラス,3 ディアボロ部門,68.2,5,最終得点/順位
セキ ソウタ,2024,オーバーオールクラス,男子個人総合ジュニア部門,49.6,4,最終得点/順位
セキ ソウタ,2026,スペシャリストクラス,男子1ディアボロ水平軸(固定)部門,67.2,8,最終得点/順位
セキグチ シュウヘイ,2019,スペシャリストクラス,男子1ディアボロ垂直軸部門,60.3,11,最終得点/順位
センスイ サキ,2018,スペシャリストクラス,男子1ディアボロ垂直軸部門,83.9,5,最終得点/順位
センスイ サキ,2019,スペシャリストクラス,男子1ディアボロ垂直軸部門,77.0,6,最終得点/順位
センスイ サキ,2021,スペシャリストクラス,男子1ディアボロ垂直軸部門,70.8,8,最終得点/順位
センスイ サキ,2026,スペシャリストクラス,男子1ディアボロ垂直軸部門,81.1,3,最終得点/順位
タカダ シュンスケ,2022,スペシャリストクラス,男子1ディアボロ水平軸(固定)部門,棄権,-,最終得点/順位
タカダ シュンスケ,2025,スペシャリストクラス,男子1ディアボロ水平軸(固定)部門,78.1,4,最終得点/順位
タカノ ショウ,2015,スペシャリストクラス,男子1ディアボロ垂直軸部門,77.83,6,最終得点/順位
タカノ ショウ,2016,スペシャリストクラス,男子1ディアボロ垂直軸部門,92.9,1,最終得点/順位
タカノ ショウ,2017,スペシャリストクラス,男子1ディアボロ垂直軸部門,80.0,4,最終得点/順位
タカノ ショウ,2018,スペシャリストクラス,男子1ディアボロ垂直軸部門,85.3,3,最終得点/順位
タカノ ショウ,2024,スペシャリストクラス,男子 1 ディアボロ垂直軸部門,78.0,6,最終得点/順位
タカノ ショウ,2025,スペシャリストクラス,男子1ディアボロ垂直軸部門,81.1,2,最終得点/順位
タカノ ショウ,2026,スペシャリストクラス,男子1ディアボロ垂直軸部門,76.3,4,最終得点/順位
タカハシ カズキ,2019,スペシャリストクラス,2ディアボロ(固定)部門,60.2,9,最終得点/順位
タカハシ ケンゴ,2016,スペシャリストクラス,男子1ディアボロ水平軸(固定)部門,65.4,9,最終得点/順位
タカハシ ハルト,2019,オーバーオールクラス,高校生男子個人総合部門,71.8,1,最終得点/順位
タカハシ ミレイ,2015,オーバーオールクラス,女子個人総合部門,78.70,3,最終得点/順位
タカハシ ミレイ,2016,オーバーオールクラス,女子個人総合部門,79.2,4,最終得点/順位
タカハシ レンショウ,2021,スペシャリストクラス,2ディアボロ(固定)部門,67.7,3,最終得点/順位
タカハシ レンショウ,2022,スペシャリストクラス,2ディアボロ(固定)部門,84.3,2,最終得点/順位
タカハシ レンショウ,2023,スペシャリストクラス,2ディアボロ(固定)部門,80.6,6,最終得点/順位
タカハシ レンショウ,2024,スペシャリストクラス,2 ディアボロ(固定)部門,84.5,1,最終得点/順位
タカハシ レンショウ,2025,スペシャリストクラス,2ディアボロ(固定)部門,71.5,4,最終得点/順位
タカモリ ヒロフミ,2015,オーバーオールクラス,男子個人総合部門,-,DEF,最終得点/順位
タカモリ ヒロフミ,2015,スペシャリストクラス,男子1ディアボロ垂直軸部門,-,DEF,最終得点/順位
タカモリ ヒロフミ,2015,スペシャリストクラス,男子1ディアボロ水平(ベアリング)軸部門,79.00,7,最終得点/順位
タカモリ ヒロフミ,2016,スペシャリストクラス,男子1ディアボロ垂直軸部門,83.5,7,最終得点/順位
タカモリ ヒロフミ,2016,スペシャリストクラス,男子1ディアボロ水平軸(ベアリング)部門,76.9,5,最終得点/順位
タカモリ ヒロフミ,2019,オーバーオールクラス,男子個人総合部門,80.2,4,最終得点/順位
タカモリ ヒロフミ,2019,スペシャリストクラス,3ディアボロ部門,72.0,3,最終得点/順位
タカモリ ヒロフミ,2019,スペシャリストクラス,男子1ディアボロ垂直軸部門,83.2,1,最終得点/順位
タカモリ ヒロフミ,2019,スペシャリストクラス,男子1ディアボロ水平軸(ベアリング)部門,73.7,7,最終得点/順位
タカラダ マサヒロ,2021,スペシャリストクラス,男子1ディアボロ水平軸(固定)部門,69.0,9,最終得点/順位
タキ ケンタロウ,2015,スペシャリストクラス,男子1ディアボロ垂直軸部門,77.50,7,最終得点/順位
タケウチ ソウタ,2023,スペシャリストクラス,男子1ディアボロ水平軸(固定)部門,72.9,10,最終得点/順位
タサキ コウシ,2023,オーバーオールクラス,男子個人総合部門,61.2,11,最終得点/順位
タサキ コウシ,2024,オーバーオールクラス,男子個人総合部門,65.0,9,最終得点/順位
タサキ コウシ,2025,オーバーオールクラス,男子個人総合部門,73.7,4,最終得点/順位
タサキ コウシ,2025,スペシャリストクラス,2ディアボロ(固定)部門,76.7,3,最終得点/順位
タサキ コウシ,2026,オーバーオールクラス,男子個人総合部門,63.1,6,最終得点/順位
タサキ コウシ,2026,スペシャリストクラス,2ディアボロ(固定)部門,60.9,7,最終得点/順位
タダ カズキ,2016,オーバーオールクラス,男子個人総合部門,90.1,1,最終得点/順位
タダ カズキ,2016,スペシャリストクラス,2ディアボロ(固定)部門,90.3,3,最終得点/順位
タダ カズキ,2017,オーバーオールクラス,男子個人総合部門,80.1,8,最終得点/順位
タダ カズキ,2017,スペシャリストクラス,2ディアボロ(固定)部門,85.5,2,最終得点/順位
タダ カズキ,2018,オーバーオールクラス,男子個人総合部門,85.0,1,最終得点/順位
タダ カズキ,2018,スペシャリストクラス,2ディアボロ(固定)部門,86.1,1,最終得点/順位
タダカズキ,2019,チャレンジクラス,チャレンジクラス(部門詳細不明),12,1,回数/順位
タテイシ ツバサ,2026,スペシャリストクラス,男子1ディアボロ水平軸(固定)部門,66.6,9,最終得点/順位
タナカ シュン,2015,オーバーオールクラス,男子個人総合部門,81.95,6,最終得点/順位
タナカ シュン,2015,スペシャリストクラス,2ディアボロ部門,88.67,1,最終得点/順位
タナカ シュン,2015,スペシャリストクラス,男子1ディアボロ水平(ベアリング)軸部門,72.33,10,最終得点/順位
タナカ シュン,2016,オーバーオールクラス,男子個人総合部門,76.4,6,最終得点/順位
タナカ シュン,2016,スペシャリストクラス,3ディアボロ部門,77.3,5,最終得点/順位
タナカ シュン,2016,スペシャリストクラス,男子1ディアボロ垂直軸部門,75.2,14,最終得点/順位
タナカ シュン,2018,スペシャリストクラス,3ディアボロ部門,75.9,4,最終得点/順位
タナカ トモヤス,2015,オーバーオールクラス,男子個人総合部門,84.60,1,最終得点/順位
タナカ トモヤス,2015,スペシャリストクラス,2ディアボロ部門,86.17,4,最終得点/順位
タナカ トモヤス,2015,スペシャリストクラス,男子1ディアボロ水平(ベアリング)軸部門,80.17,4,最終得点/順位
タナカ トモヤス,2016,スペシャリストクラス,2ディアボロ(固定)部門,90.8,1,最終得点/順位
タナカ トモヤス,2016,スペシャリストクラス,男子1ディアボロ垂直軸部門,82.7,8,最終得点/順位
タナカ トモヤス,2016,スペシャリストクラス,男子1ディアボロ水平軸(ベアリング)部門,88.4,2,最終得点/順位
タナカ トモヤス,2017,オーバーオールクラス,男子個人総合部門,85.2,4,最終得点/順位
タナカ トモヤス,2017,スペシャリストクラス,2ディアボロ(固定)部門,82.5,4,最終得点/順位
タナカ トモヤス,2017,スペシャリストクラス,男子1ディアボロ垂直軸部門,77.0,6,最終得点/順位
タナカ トモヤス,2017,スペシャリストクラス,男子1ディアボロ水平軸(ベアリング)部門,88.2,1,最終得点/順位
タナカ トモヤス,2018,スペシャリストクラス,男子1ディアボロ水平軸(ベアリング)部門,82.0,2,最終得点/順位
タナカ トモヤス,2018,スペシャリストクラス,男子1ディアボロ水平軸(固定)部門,75.7,7,最終得点/順位
タナカ トモヤス,2019,スペシャリストクラス,男子1ディアボロ水平軸(ベアリング)部門,78.2,4,最終得点/順位
タナカ トモヤス,2024,スペシャリストクラス,男子 1 ディアボロ水平軸(ベアリング)部門,77.8,4,最終得点/順位
タナカ トモヤス,2025,スペシャリストクラス,男子1ディアボロ水平軸(ベアリング)部門,79.6,4,最終得点/順位
タナベ シンジ,2021,スペシャリストクラス,男子1ディアボロ水平軸(固定)部門,75.8,5,最終得点/順位
タナベ シンジ,2022,スペシャリストクラス,男子1ディアボロ水平軸(固定)部門,71.0,6,最終得点/順位
タナベ シンジ,2023,スペシャリストクラス,男子1ディアボロ水平軸(固定)部門,67.5,14,最終得点/順位
タナベ シンジ,2024,スペシャリストクラス,男子 1 ディアボロ水平軸(固定)部門,64.1,11,最終得点/順位
タナベ シンジ,2025,スペシャリストクラス,男子1ディアボロ水平軸(固定)部門,72.1,9,最終得点/順位
タナベ シンジ,2026,スペシャリストクラス,男子1ディアボロ水平軸(固定)部門,65.3,11,最終得点/順位
タニオカ カケト,2017,オーバーオールクラス,男子個人総合ジュニア部門,63.8,7,最終得点/順位
タニオカ カケト,2017,チャレンジクラス,トリイ ケン    142    4    E            2ディアボロペアパス部門,88,6,回数/順位
タニオカ カケト,2017,チャレンジクラス,男子1ディアボロ縄跳び部門,32,5,回数/順位
タニオカ カケト,2021,オーバーオールクラス,男子個人総合ジュニア部門,6,場外1回,最終得点/順位
タニオカ カケト,2021,スペシャリストクラス,男子1ディアボロ水平軸(ベアリング)部門,62.7,4,最終得点/順位
タニオカ カケト,2021,チャレンジクラス,チャレンジクラス(部門詳細不明),109,3,回数/順位
タニオカ カケト,2021,チャレンジクラス,男子1ディアボロ縄跳び部門,56,2,回数/順位
タニオカ カケト,2022,オーバーオールクラス,男子個人総合ジュニア部門,82.2,1,最終得点/順位
タニオカ カケト,2023,オーバーオールクラス,男子個人総合ジュニア部門,85.2,2,最終得点/順位
タニオカ カケト,2024,オーバーオールクラス,男子個人総合ジュニア部門,87.5,1,最終得点/順位
タニオカ カケト,2024,スペシャリストクラス,3 ディアボロ部門,71.1,3,最終得点/順位
タニオカ カケト,2025,オーバーオールクラス,男子個人総合部門,80.6,2,最終得点/順位
タニオカ カケト,2025,スペシャリストクラス,3ディアボロ部門,83.1,2,最終得点/順位
タニオカ カケト,2025,スペシャリストクラス,男子1ディアボロ垂直軸部門,68.5,7,最終得点/順位
タニオカ カケト,2025,スペシャリストクラス,男子1ディアボロ水平軸(固定)部門,71.0,10,最終得点/順位
タニオカ カケト,2026,オーバーオールクラス,男子個人総合部門,84.3,1,最終得点/順位
タニオカ カケト,2026,スペシャリストクラス,3ディアボロ部門,87.7,1,最終得点/順位
タニオカ カケト,2026,スペシャリストクラス,男子1ディアボロ水平軸(固定)部門,79.3,5,最終得点/順位
タニグチ ミズキ,2017,スペシャリストクラス,女子1ディアボロ部門,89.3,1,最終得点/順位
タニグチ ミズキ,2018,スペシャリストクラス,女子1ディアボロ部門,83.8,2,最終得点/順位
タモツ カイタ,2016,オーバーオールクラス,男子個人総合ジュニア部門,-,DNS,最終得点/順位
ダテ ユウイチロウ,2023,チャレンジクラス,2ディアボロペアパス部門,-,-,回数/順位
ツダ セイヤ,2015,スペシャリストクラス,男子1ディアボロ垂直軸部門,64.17,23,最終得点/順位
ツダ セイヤ,2016,スペシャリストクラス,男子1ディアボロ水平軸(固定)部門,75.5,7,最終得点/順位
ツダ マナト,2021,スペシャリストクラス,男子1ディアボロ垂直軸部門,79.5,3,最終得点/順位
ツダ マナト,2022,スペシャリストクラス,男子1ディアボロ垂直軸部門,87.7,1,最終得点/順位
ツダ マナト,2023,オーバーオールクラス,男子個人総合部門,73.7,9,最終得点/順位
ツダ マナト,2023,スペシャリストクラス,男子1ディアボロ垂直軸部門,88.6,1,最終得点/順位
ツダ マナト,2023,スペシャリストクラス,男子1ディアボロ水平軸(固定)部門,81.1,6,最終得点/順位
ツダ マナト,2024,オーバーオールクラス,男子個人総合部門,84.0,3,最終得点/順位
ツダ マナト,2024,スペシャリストクラス,3 ディアボロ部門,80.6,2,最終得点/順位
ツダ マナト,2024,スペシャリストクラス,男子 1 ディアボロ垂直軸部門,82.3,3,最終得点/順位
ツダ マナト,2024,チャレンジクラス,男子 1 ディアボロ縄跳び部門,9,1,回数/順位
ツダ マナト,2026,オーバーオールクラス,男子個人総合部門,77.2,4,最終得点/順位
ツダ マナト,2026,スペシャリストクラス,男子1ディアボロ垂直軸部門,89.4,1,最終得点/順位
ツチダ ムネチカ,2015,オーバーオールクラス,男子個人総合ジュニア部門,59.80,5,最終得点/順位
テヅカ セイ,2024,オーバーオールクラス,男子個人総合ジュニア部門,63.8,2,最終得点/順位
トウジョウ マキ,2015,スペシャリストクラス,2ディアボロ部門,76.00,9,最終得点/順位
トウジョウ マキ,2019,スペシャリストクラス,2ディアボロ(固定)部門,71.7,6,最終得点/順位
トキモリ エイジ,2016,オーバーオールクラス,男子個人総合ジュニア部門,79.5,3,最終得点/順位
トキモリ エイジ,2018,オーバーオールクラス,高校生男子個人総合部門,81.6,2,最終得点/順位
トキモリ エイジ,2018,スペシャリストクラス,3ディアボロ部門,77.7,3,最終得点/順位
トキモリエイジ,2017,オーバーオールクラス,高校生男子個人総合部門,79.9,1,最終得点/順位
トドロキ シンスケ,2015,スペシャリストクラス,2ディアボロ部門,61.67,14,最終得点/順位
トミタ ヒカル,2015,オーバーオールクラス,男子個人総合部門,83.95,2,最終得点/順位
トミタ ヒカル,2015,スペシャリストクラス,2ディアボロ部門,72.17,11,最終得点/順位
トミタ ヒカル,2015,スペシャリストクラス,男子1ディアボロ水平(固定)軸部門,73.63,7,最終得点/順位
トミタ ヒカル,2016,オーバーオールクラス,男子個人総合部門,78.4,4,最終得点/順位
トミタ ヒカル,2016,スペシャリストクラス,2ディアボロ(固定)部門,79.0,5,最終得点/順位
トミタ ヒカル,2016,スペシャリストクラス,男子1ディアボロ垂直軸部門,77.3,12,最終得点/順位
トミタ ヒカル,2017,オーバーオールクラス,男子個人総合部門,棄権,-,最終得点/順位
トミタ ヒカル,2018,オーバーオールクラス,男子個人総合部門,78.3,3,最終得点/順位
トミタ ヒカル,2018,スペシャリストクラス,2ディアボロ(固定)部門,79.5,4,最終得点/順位
トミタ ヒカル,2018,スペシャリストクラス,男子1ディアボロ水平軸(固定)部門,78.0,5,最終得点/順位
トミタ ヒカル,2019,オーバーオールクラス,男子個人総合部門,76.0,9,最終得点/順位
トミタ ヒカル,2019,スペシャリストクラス,男子1ディアボロ水平軸(固定)部門,74.9,8,最終得点/順位
トミタ ヒカル,2021,オーバーオールクラス,男子個人総合部門,79.2,3,最終得点/順位
トミタ ヒカル,2022,オーバーオールクラス,男子個人総合部門,75.0,5,最終得点/順位
トミタ ヒカル,2024,オーバーオールクラス,男子個人総合部門,70.4,7,最終得点/順位
トミタ ヒカル,2025,オーバーオールクラス,男子個人総合部門,70.0,6,最終得点/順位
トミタ ヒカル,2025,スペシャリストクラス,2ディアボロ(固定)部門,68.9,5,最終得点/順位
トミタ ヒカル,2026,スペシャリストクラス,2ディアボロ(固定)部門,67.0,4,最終得点/順位
トミタ リョウヘイ,2015,オーバーオールクラス,男子個人総合部門,66.70,12,最終得点/順位
トミタ リョウヘイ,2015,スペシャリストクラス,男子1ディアボロ水平(ベアリング)軸部門,80.00,5,最終得点/順位
トミタ リョウヘイ,2016,スペシャリストクラス,男子1ディアボロ水平軸(ベアリング)部門,89.5,1,最終得点/順位
トミタ リョウヘイ,2024,スペシャリストクラス,男子 1 ディアボロ水平軸(ベアリング)部門,77.5,5,最終得点/順位
トリイ タケミ,2015,オーバーオールクラス,男子個人総合ジュニア部門,89.55,1,最終得点/順位
トリイ タケミ,2015,スペシャリストクラス,2ディアボロ部門,84.67,5,最終得点/順位
トリイ タケミ,2015,スペシャリストクラス,男子1ディアボロ垂直軸部門,75.67,11,最終得点/順位
トリイ タケミ,2016,オーバーオールクラス,男子個人総合ジュニア部門,84.6,2,最終得点/順位
トリイ タケミ,2016,スペシャリストクラス,2ディアボロ(ベアリング)部門,80.3,3,最終得点/順位
トリイ タケミ,2016,スペシャリストクラス,3ディアボロ部門,78.6,4,最終得点/順位
トリイ タケミ,2016,スペシャリストクラス,男子1ディアボロ垂直軸部門,77.1,13,最終得点/順位
トリイ タケミ,2017,オーバーオールクラス,男子個人総合ジュニア部門,88.3,1,最終得点/順位
トリイ タケミ,2017,スペシャリストクラス,2ディアボロ(固定)部門,82.8,3,最終得点/順位
トリイ タケミ,2017,スペシャリストクラス,3ディアボロ部門,88.1,1,最終得点/順位
トリイ タケミ,2017,スペシャリストクラス,男子1ディアボロ水平軸(固定)部門,84.3,2,最終得点/順位
トリイ タケミ,2017,チャレンジクラス,ヨコイ ユキナ   108    1    C            4ディアボロロウ部門,152,2,回数/順位
トリイ タケミ,2025,オーバーオールクラス,男子個人総合部門,81.3,1,最終得点/順位
トリイ タケミ,2025,スペシャリストクラス,2ディアボロ(ベアリング)部門,85.7,1,最終得点/順位
トリイ タケミ,2025,スペシャリストクラス,3ディアボロ部門,83.8,1,最終得点/順位
トリイ ヒロキミ,2018,チャレンジクラス,チャレンジクラス(部門詳細不明),190,1,回数/順位
トリイ ヒロミキ,2015,オーバーオールクラス,男子個人総合ジュニア部門,79.70,3,最終得点/順位
トリイ ヒロミキ,2015,スペシャリストクラス,2ディアボロ部門,80.17,6,最終得点/順位
トリイ ヒロミキ,2015,スペシャリストクラス,男子1ディアボロ垂直軸部門,74.17,15,最終得点/順位
トリイ ヒロミキ,2016,オーバーオールクラス,男子個人総合ジュニア部門,86.3,1,最終得点/順位
トリイ ヒロミキ,2016,スペシャリストクラス,2ディアボロ(ベアリング)部門,85.7,1,最終得点/順位
トリイ ヒロミキ,2016,スペシャリストクラス,男子1ディアボロ垂直軸部門,78.8,9,最終得点/順位
トリイ ヒロミキ,2017,オーバーオールクラス,男子個人総合ジュニア部門,87.1,2,最終得点/順位
トリイ ヒロミキ,2017,スペシャリストクラス,男子1ディアボロ水平軸(固定)部門,80.0,6,最終得点/順位
トリイ ヒロミキ,2017,チャレンジクラス,チャレンジクラス(部門詳細不明),188,1,回数/順位
トリイ ヒロミキ,2017,チャレンジクラス,男子1ディアボロ縄跳び部門,60,1,回数/順位
トリイ ヒロミキ,2018,スペシャリストクラス,3ディアボロ部門,82.3,1,最終得点/順位
トリイ ヒロミキ,2018,スペシャリストクラス,男子1ディアボロ水平軸(固定)部門,84.4,3,最終得点/順位
トリイ ヒロミキ,2019,オーバーオールクラス,男子個人総合部門,86.3,1,最終得点/順位
トリイ ヒロミキ,2019,スペシャリストクラス,2ディアボロ(ベアリング)部門,86.7,1,最終得点/順位
トリイ ヒロミキ,2019,スペシャリストクラス,3ディアボロ部門,85.7,1,最終得点/順位
トリイ ヒロミキ,2019,スペシャリストクラス,男子1ディアボロ水平軸(ベアリング)部門,77.5,5,最終得点/順位
トリイ ヒロミキ,2019,チャレンジクラス,チャレンジクラス(部門詳細不明),158,3,回数/順位
トリイブラザーズ,2013,オーバーオールクラス,団体部門,72.65,2,最終得点/順位(OCR)
ナカガワ エイサク,2015,オーバーオールクラス,高校生男子個人総合部門,62.35,2,最終得点/順位
ナカザワ マサノブ,2018,スペシャリストクラス,男子1ディアボロ水平軸(固定)部門,63.4,13,最終得点/順位
ナカムラ マコト,2015,スペシャリストクラス,男子1ディアボロ水平(固定)軸部門,18,時間超過,最終得点/順位
ナガオ ユウト,2018,オーバーオールクラス,高校生男子個人総合部門,59.8,5,最終得点/順位
ナガサカ タクト,2016,オーバーオールクラス,男子個人総合部門,89.2,2,最終得点/順位
ナガサカ ミヅキ,2018,スペシャリストクラス,女子1ディアボロ部門,68.6,7,最終得点/順位
ナルセ コウ,2026,スペシャリストクラス,男子1ディアボロ水平軸(固定)部門,69.0,7,最終得点/順位
ニシ ヤマト,2023,オーバーオールクラス,男子個人総合ジュニア部門,85.4,1,最終得点/順位
ニノミヤ アラタ,2026,スペシャリストクラス,男子1ディアボロ垂直軸部門,66.9,6,最終得点/順位
ヌマタ ユイネ,2025,オーバーオールクラス,女子個人総合ジュニア部門,75.1,1,最終得点/順位
ヌマタ ユイネ,2025,チャレンジクラス,女子1ディアボロ縄跳び部門,37,1,回数/順位
ヌマタ ユイネ,2026,オーバーオールクラス,女子個人総合ジュニア部門,80.6,1,最終得点/順位
ヌマタ ユイネ,2026,チャレンジクラス,女子1ディアボロ縄跳び部門,65,1,回数/順位
ヌマタ ユイネ/ヌマタ ケイスケ,2025,チャレンジクラス,2ディアボロペアパス部門,30,2,回数/順位
ノウチ マナカ,2016,チャレンジクラス,,54,3,回数/順位
ノナカ アオイ,2016,スペシャリストクラス,3ディアボロ部門,83.1,2,最終得点/順位
ノノガキ ソウマ,2018,スペシャリストクラス,男子1ディアボロ水平軸(ベアリング)部門,78.2,4,最終得点/順位
ノハラ ヒロキ,2015,オーバーオールクラス,男子個人総合ジュニア部門,86.30,2,最終得点/順位
ハガ コウスケ,2015,スペシャリストクラス,男子1ディアボロ垂直軸部門,72.33,17,最終得点/順位
ハガ コウスケ,2016,スペシャリストクラス,男子1ディアボロ垂直軸部門,86.1,4,最終得点/順位
ハガ コウスケ,2017,スペシャリストクラス,男子1ディアボロ垂直軸部門,80.2,2,最終得点/順位
ハシモト キョウヘイ,2015,スペシャリストクラス,男子1ディアボロ水平(固定)軸部門,72.50,9,最終得点/順位
ハシモト キョウヘイ,2017,オーバーオールクラス,男子個人総合部門,76.0,10,最終得点/順位
ハシモト キョウヘイ,2017,スペシャリストクラス,男子1ディアボロ水平軸(ベアリング)部門,70.1,14,最終得点/順位
ハシモト キョウヘイ,2017,スペシャリストクラス,男子1ディアボロ水平軸(固定)部門,80.3,5,最終得点/順位
ハシモト キョウヘイ,2019,チャレンジクラス,チャレンジクラス(部門詳細不明),49,3,回数/順位
ハシモト タツロウ,2019,スペシャリストクラス,男子1ディアボロ垂直軸部門,67.5,9,最終得点/順位
ハシモト タツロウ,2022,スペシャリストクラス,男子1ディアボロ垂直軸部門,76.6,5,最終得点/順位
ハシモト タツロウ,2024,スペシャリストクラス,男子 1 ディアボロ垂直軸部門,79.0,5,最終得点/順位
ハシモト タツロウ,2025,スペシャリストクラス,男子1ディアボロ垂直軸部門,71.5,5,最終得点/順位
ハシモト タツロウ,2026,スペシャリストクラス,男子1ディアボロ垂直軸部門,82.3,2,最終得点/順位
ハシモト タツロウ,2026,スペシャリストクラス,男子1ディアボロ水平軸(ベアリング)部門,棄権,-,最終得点/順位
ハシモト リョウタ,2015,オーバーオールクラス,男子個人総合部門,70.75,10,最終得点/順位
ハシモト リョウタ,2015,スペシャリストクラス,2ディアボロ部門,78.83,7,最終得点/順位
ハシモト リョウタ,2016,スペシャリストクラス,2ディアボロ(固定)部門,74.0,8,最終得点/順位
ハセガワ ミカ,2016,オーバーオールクラス,女子個人総合部門,59.6,9,最終得点/順位
ハタノ ケンゴ,2026,オーバーオールクラス,男子個人総合ジュニア部門,77.7,1,最終得点/順位
ハヤシ タクヤ,2015,スペシャリストクラス,男子1ディアボロ垂直軸部門,81.00,2,最終得点/順位
ハヤシ タクヤ,2016,スペシャリストクラス,男子1ディアボロ垂直軸部門,84.8,6,最終得点/順位
ハラ ケイト,2023,スペシャリストクラス,2ディアボロ(固定)部門,88.4,3,最終得点/順位
ハラダ カズヤ,2016,スペシャリストクラス,男子1ディアボロ垂直軸部門,77.8,11,最終得点/順位
ハラダ カズヤ,2019,スペシャリストクラス,男子1ディアボロ垂直軸部門,-,DNS,最終得点/順位
ハラダ シュウタロウ,2021,スペシャリストクラス,2ディアボロ(ベアリング)部門,76.4,2,最終得点/順位
ハラダ シュウタロウ,2021,スペシャリストクラス,男子1ディアボロ垂直軸部門,76.0,5,最終得点/順位
ハラダ シュウタロウ,2022,スペシャリストクラス,2ディアボロ(ベアリング)部門,75.9,2,最終得点/順位
ハラダ シュウタロウ,2022,スペシャリストクラス,男子1ディアボロ垂直軸部門,77.6,4,最終得点/順位
ババ ヒロヤ,2017,スペシャリストクラス,男子1ディアボロ水平軸(ベアリング)部門,67.6,16,最終得点/順位
ヒグチ ヨウコ,2016,オーバーオールクラス,女子個人総合部門,89.2,1,最終得点/順位
ヒグチ ヨウコ,2016,チャレンジクラス,,88,2,回数/順位
ヒグチ ヨウコ,2018,チャレンジクラス,女子1ディアボロ縄跳び部門,16,2,回数/順位
ヒノ フミタカ,2016,スペシャリストクラス,2ディアボロ(ベアリング)部門,81.9,2,最終得点/順位
ヒライワ カズヤ,2015,スペシャリストクラス,2ディアボロ部門,68.83,12,最終得点/順位
ヒライワ カズヤ,2016,スペシャリストクラス,2ディアボロ(固定)部門,69.6,11,最終得点/順位
フクオウジ リウ,2026,スペシャリストクラス,男子1ディアボロ垂直軸部門,60.7,10,最終得点/順位
フジイ ツヨシ,2016,スペシャリストクラス,2ディアボロ(固定)部門,73.8,9,最終得点/順位
フジタ ケンタ,2015,オーバーオールクラス,男子個人総合部門,61.55,14,最終得点/順位
フジタ マサヤ,2026,スペシャリストクラス,男子1ディアボロ水平軸(ベアリング)部門,62.5,5,最終得点/順位
フジモト カンタ,2018,スペシャリストクラス,男子1ディアボロ水平軸(固定)部門,64.6,12,最終得点/順位
フジモリ トモヒロ,2017,チャレンジクラス,トリイ ケン    142    4    E            2ディアボロペアパス部門,62,8,回数/順位
フセ コウイチロウ,2017,スペシャリストクラス,2ディアボロ(ベアリング)部門,79.5,1,最終得点/順位
フセ コウイチロウ,2017,スペシャリストクラス,男子1ディアボロ水平軸(ベアリング)部門,86.4,3,最終得点/順位
フセ コウイチロウ,2018,スペシャリストクラス,2ディアボロ(ベアリング)部門,73.0,3,最終得点/順位
フセ コウイチロウ,2018,スペシャリストクラス,男子1ディアボロ垂直軸部門,70.3,9,最終得点/順位
フセ コウイチロウ,2018,スペシャリストクラス,男子1ディアボロ水平軸(ベアリング)部門,80.2,3,最終得点/順位
フセ コウイチロウ,2023,スペシャリストクラス,2ディアボロ(ベアリング)部門,82.6,2,最終得点/順位
フセ コウイチロウ,2023,スペシャリストクラス,男子1ディアボロ水平軸(ベアリング)部門,81.8,3,最終得点/順位
フセ コウイチロウ,2023,チャレンジクラス,2ディアボロペアパス部門,20,5,回数/順位
ホウジョウ ヨシマサ,2026,スペシャリストクラス,男子1ディアボロ水平軸(固定)部門,49.9,13,最終得点/順位
ホシノ コウタ,2025,スペシャリストクラス,男子1ディアボロ水平軸(固定)部門,66.7,11,最終得点/順位
ホソカワ キョウヤ,2018,オーバーオールクラス,高校生男子個人総合部門,67.6,4,最終得点/順位
ホソカワ キョウヤ,2018,スペシャリストクラス,男子1ディアボロ水平軸(固定)部門,70.1,10,最終得点/順位
ホソカワ キョウヤ,2021,スペシャリストクラス,3ディアボロ部門,61.4,2,最終得点/順位
ホソカワ キョウヤ,2021,スペシャリストクラス,男子1ディアボロ水平軸(固定)部門,69.6,8,最終得点/順位
ホソカワ キョウヤ,2021,チャレンジクラス,男子1ディアボロ縄跳び部門,20,6,回数/順位
ホソカワ キョウヤ,2023,スペシャリストクラス,男子1ディアボロ水平軸(固定)部門,棄権,-,最終得点/順位
ホソカワ キョウヤ,2024,スペシャリストクラス,男子 1 ディアボロ水平軸(固定)部門,67.3,10,最終得点/順位
ホソカワキョウヤ,2017,オーバーオールクラス,高校生男子個人総合部門,63.4,2,最終得点/順位
ホソミ タカヒロ,2021,スペシャリストクラス,男子1ディアボロ水平軸(固定)部門,72.3,7,最終得点/順位
ホリエ モモコ,2017,チャレンジクラス,ヨコイ ユキナ   108    1    C            4ディアボロロウ部門,20,4,回数/順位
ホンダ ショウ,2023,オーバーオールクラス,男子個人総合ジュニア部門,62.5,5,最終得点/順位
マエダ リョウスケ,2018,スペシャリストクラス,男子1ディアボロ垂直軸部門,88.2,1,最終得点/順位
マエダ リョウスケ,2022,オーバーオールクラス,男子個人総合部門,74.4,6,最終得点/順位
マエダ リョウスケ,2022,スペシャリストクラス,男子1ディアボロ垂直軸部門,79.7,2,最終得点/順位
マエダ リョウスケ,2023,オーバーオールクラス,男子個人総合部門,74.3,8,最終得点/順位
マエダ リョウスケ,2023,スペシャリストクラス,男子1ディアボロ垂直軸部門,85.0,2,最終得点/順位
マエダ リョウスケ,2023,チャレンジクラス,2ディアボロペアパス部門,34,4,回数/順位
マエダ リョウスケ,2024,オーバーオールクラス,男子個人総合部門,85.6,2,最終得点/順位
マエダ リョウスケ,2024,スペシャリストクラス,男子 1 ディアボロ垂直軸部門,82.5,2,最終得点/順位
マエダ リョウスケ,2025,オーバーオールクラス,男子個人総合部門,76.8,3,最終得点/順位
マエダ リョウスケ,2025,スペシャリストクラス,2ディアボロ(固定)部門,63.3,7,最終得点/順位
マエダ リョウスケ,2025,スペシャリストクラス,男子1ディアボロ垂直軸部門,79.4,3,最終得点/順位
マキノ セナ,2016,オーバーオールクラス,男子個人総合ジュニア部門,78.5,4,最終得点/順位
マキノ セナ,2017,オーバーオールクラス,男子個人総合ジュニア部門,69.0,4,最終得点/順位
マキノ セナ,2017,チャレンジクラス,チャレンジクラス(部門詳細不明),156,3,回数/順位
マキノ セナ,2017,チャレンジクラス,男子1ディアボロ縄跳び部門,50,3,回数/順位
マキノ セナ,2018,オーバーオールクラス,男子個人総合ジュニア部門,77.6,1,最終得点/順位
マキノ セナ,2018,スペシャリストクラス,2ディアボロ(固定)部門,72.7,7,最終得点/順位
マキノ セナ,2018,チャレンジクラス,チャレンジクラス(部門詳細不明),156,3,回数/順位
マキノ セナ,2018,チャレンジクラス,トリイ ヒロキミ    63    1    B            4ディアボロロウ部門,44,4,回数/順位
マキノ セナ,2019,オーバーオールクラス,男子個人総合ジュニア部門,84.4,1,最終得点/順位
マキノ セナ,2019,スペシャリストクラス,2ディアボロ(固定)部門,74.9,3,最終得点/順位
マキノ セナ,2019,チャレンジクラス,チャレンジクラス(部門詳細不明),168,2,回数/順位
マキノ セナ,2019,チャレンジクラス,チャレンジクラス(部門詳細不明),3,3,回数/順位
マキノ セナ,2019,チャレンジクラス,チャレンジクラス(部門詳細不明),53,2,回数/順位
マキノ セナ,2021,オーバーオールクラス,男子個人総合ジュニア部門,82.2,2,最終得点/順位
マキノ セナ,2021,スペシャリストクラス,2ディアボロ(固定)部門,67.3,4,最終得点/順位
マキノ セナ,2021,チャレンジクラス,チャレンジクラス(部門詳細不明),182,2,回数/順位
マキノ セナ,2021,チャレンジクラス,男子1ディアボロ縄跳び部門,70,1,回数/順位
マキノ セナ,2022,オーバーオールクラス,男子個人総合ジュニア部門,80.1,2,最終得点/順位
マキノ セナ,2022,チャレンジクラス,チャレンジクラス(部門詳細不明),172,1,回数/順位
マキノ セナ,2022,チャレンジクラス,男子1ディアボロ縄跳び部門,79,1,回数/順位
マキノ セナ,2023,オーバーオールクラス,男子個人総合ジュニア部門,-,-,最終得点/順位
マキノ セナ,2023,チャレンジクラス,2ディアボロペアパス部門,-,-,回数/順位
マキノ セナ,2023,チャレンジクラス,チャレンジクラス(部門詳細不明),-,-,回数/順位
マキノ ルナ,2019,チャレンジクラス,チャレンジクラス(部門詳細不明),83,1,回数/順位
マキノ ルナ,2019,チャレンジクラス,女子1ディアボロ縄跳び部門,18,1,回数/順位
マキノ ルナ,2021,チャレンジクラス,女子1ディアボロ縄跳び部門,32,2,回数/順位
マキノ ルナ,2021,チャレンジクラス,女子1ディアボロ足回り部門,92,2,回数/順位
マキモト コウスケ,2015,スペシャリストクラス,男子1ディアボロ垂直軸部門,75.17,14,最終得点/順位
マキモト コウスケ,2015,スペシャリストクラス,男子1ディアボロ水平(固定)軸部門,67.63,12,最終得点/順位
マキモト コウスケ,2016,スペシャリストクラス,男子1ディアボロ垂直軸部門,86.6,3,最終得点/順位
マキモト コウスケ,2016,スペシャリストクラス,男子1ディアボロ水平軸(固定)部門,81.8,5,最終得点/順位
マキモト コウスケ,2017,スペシャリストクラス,男子1ディアボロ水平軸(固定)部門,67.3,12,最終得点/順位
マキモト コウスケ,2018,スペシャリストクラス,男子1ディアボロ垂直軸部門,81.3,6,最終得点/順位
マキモト コウスケ,2019,スペシャリストクラス,男子1ディアボロ垂直軸部門,77.7,5,最終得点/順位
マチダ トモキ,2025,オーバーオールクラス,男子個人総合ジュニア部門,64.0,4,最終得点/順位
マチダ トモキ,2026,オーバーオールクラス,男子個人総合ジュニア部門,74.8,2,最終得点/順位
マツイ シュウシロウ,2016,スペシャリストクラス,男子1ディアボロ水平軸(固定)部門,82.4,4,最終得点/順位
マツオ マナ,2018,スペシャリストクラス,女子1ディアボロ部門,75.6,5,最終得点/順位
マツキ リナ,2025,オーバーオールクラス,女子個人総合部門,82.7,1,最終得点/順位
マツキ リナ,2026,オーバーオールクラス,女子個人総合部門,77.5,1,最終得点/順位
マツクボ カイ,2026,スペシャリストクラス,3ディアボロ部門,86.9,2,最終得点/順位
マツバラ タイチ,2017,チャレンジクラス,トリイ ケン    142    4    E            2ディアボロペアパス部門,66,7,回数/順位
マツマエ ノゾミ,2023,スペシャリストクラス,男子1ディアボロ水平軸(固定)部門,棄権,-,最終得点/順位
マツマエ ノゾミ,2024,スペシャリストクラス,男子 1 ディアボロ水平軸(固定)部門,69.3,8,最終得点/順位
マツマエ ノゾミ,2026,スペシャリストクラス,男子1ディアボロ水平軸(固定)部門,94.3,1,最終得点/順位
マツムラ タカオ,2017,オーバーオールクラス,男子個人総合ジュニア部門,67.5,5,最終得点/順位
マツムラ タカオ,2018,オーバーオールクラス,男子個人総合ジュニア部門,72.3,3,最終得点/順位
マツムラ タカオ,2018,スペシャリストクラス,2ディアボロ(固定)部門,57.9,11,最終得点/順位
マツムラ タカオ,2019,オーバーオールクラス,高校生男子個人総合部門,70.9,2,最終得点/順位
マツムラ タカオ,2019,スペシャリストクラス,2ディアボロ(ベアリング)部門,71.4,6,最終得点/順位
マツムラ タカオ,2023,スペシャリストクラス,2ディアボロ(固定)部門,77.7,7,最終得点/順位
マツムラ タカオ,2023,スペシャリストクラス,男子1ディアボロ水平軸(固定)部門,69.0,13,最終得点/順位
ミカモト ジュンナ,2019,オーバーオールクラス,女子個人総合部門,57.4,2,最終得点/順位
ミスミ タイセイ,2017,スペシャリストクラス,2ディアボロ(ベアリング)部門,72.1,2,最終得点/順位
ミスミ タイセイ,2017,スペシャリストクラス,男子1ディアボロ水平軸(ベアリング)部門,65.5,17,最終得点/順位
ミズマチ ユウキ,2015,スペシャリストクラス,男子1ディアボロ垂直軸部門,65.83,21,最終得点/順位
ミズマチ ユウキ,2015,スペシャリストクラス,男子1ディアボロ水平(ベアリング)軸部門,54.83,17,最終得点/順位
ミズマチ ユウキ,2016,スペシャリストクラス,男子1ディアボロ垂直軸部門,61.8,24,最終得点/順位
ミズマチ ユウキ,2016,スペシャリストクラス,男子1ディアボロ水平軸(ベアリング)部門,60.5,12,最終得点/順位
ミズマチ ユウキ,2018,チャレンジクラス,チャレンジクラス(部門詳細不明),55,7,回数/順位
ミタニ リョウト,2015,オーバーオールクラス,高校生男子個人総合部門,68.65,1,最終得点/順位
ミタニ リョウト,2015,スペシャリストクラス,男子1ディアボロ水平(固定)軸部門,82.00,4,最終得点/順位
ミチダ ヨシカズ,2026,スペシャリストクラス,男子1ディアボロ垂直軸部門,69.4,5,最終得点/順位
ミチバタ エナ,2017,スペシャリストクラス,女子1ディアボロ部門,60.8,9,最終得点/順位
ミツヤス ユウスケ,2015,スペシャリストクラス,男子1ディアボロ水平(固定)軸部門,61.13,14,最終得点/順位
ミツヤス ユウスケ,2016,スペシャリストクラス,男子1ディアボロ垂直軸部門,74.3,15,最終得点/順位
ミツヤス ユウスケ,2016,スペシャリストクラス,男子1ディアボロ水平軸(ベアリング)部門,78.9,3,最終得点/順位
ミツヤス ユウスケ,2018,オーバーオールクラス,男子個人総合部門,63.0,10,最終得点/順位
ミツヤス ユウスケ,2018,スペシャリストクラス,2ディアボロ(ベアリング)部門,76.5,2,最終得点/順位
ミツヤス ユウスケ,2018,スペシャリストクラス,男子1ディアボロ水平軸(ベアリング)部門,76.1,5,最終得点/順位
ミツヤス ユウスケ,2019,スペシャリストクラス,2ディアボロ(ベアリング)部門,-,DNS,最終得点/順位
ミツヤス ユウスケ,2019,スペシャリストクラス,男子1ディアボロ水平軸(ベアリング)部門,-,DNS,最終得点/順位
ミナガワ サトル,2015,スペシャリストクラス,男子1ディアボロ水平(固定)軸部門,51.88,16,最終得点/順位
ミナト オウリ,2021,スペシャリストクラス,男子1ディアボロ水平軸(固定)部門,63.6,10,最終得点/順位
ミネギシ タクミ,2015,スペシャリストクラス,男子1ディアボロ垂直軸部門,58.17,26,最終得点/順位
ミネギシ タクミ,2016,スペシャリストクラス,男子1ディアボロ垂直軸部門,70.7,20,最終得点/順位
ミヤケ ユタカ,2018,スペシャリストクラス,男子1ディアボロ垂直軸部門,69.8,10,最終得点/順位
ミヤザキ テツオ,2015,スペシャリストクラス,男子1ディアボロ水平(ベアリング)軸部門,64.17,12,最終得点/順位
ミヤタ ダイキ,2022,スペシャリストクラス,2ディアボロ(ベアリング)部門,67.9,3,最終得点/順位
ミヤタ ダイキ,2024,スペシャリストクラス,2 ディアボロ(ベアリング)部門,73.0,2,最終得点/順位
ミヤタ ダイキ,2025,スペシャリストクラス,2ディアボロ(ベアリング)部門,74.7,4,最終得点/順位
ミヤタ ダイキ,2026,スペシャリストクラス,2ディアボロ(ベアリング)部門,74.2,2,最終得点/順位
ミヤチ ショウゴ,2017,スペシャリストクラス,男子1ディアボロ水平軸(ベアリング)部門,69.7,15,最終得点/順位
ムトウ タイガ,2018,スペシャリストクラス,2ディアボロ(ベアリング)部門,58.6,5,最終得点/順位
ムトウ タイガ,2018,チャレンジクラス,トリイ ヒロキミ    63    1    B            4ディアボロロウ部門,21,6,回数/順位
ムラマツ ジュンペイ,2019,スペシャリストクラス,2ディアボロ(ベアリング)部門,79.8,2,最終得点/順位
ムラマツ ジュンペイ,2019,スペシャリストクラス,男子1ディアボロ水平軸(ベアリング)部門,68.3,11,最終得点/順位
モチヅキ ユウサク,2015,オーバーオールクラス,男子個人総合部門,-,DEF,最終得点/順位
モチヅキ ユウサク,2015,スペシャリストクラス,男子1ディアボロ垂直軸部門,69.83,19,最終得点/順位
モリコシ ダイト,2024,オーバーオールクラス,男子個人総合部門,74.1,5,最終得点/順位
モリコシ ダイト,2024,スペシャリストクラス,3 ディアボロ部門,70.6,4,最終得点/順位
モリコシ ダイト,2025,オーバーオールクラス,男子個人総合部門,68.7,7,最終得点/順位
モリコシ ダイト,2025,スペシャリストクラス,3ディアボロ部門,72.0,4,最終得点/順位
モリコシ ダイト,2026,オーバーオールクラス,男子個人総合部門,82.7,3,最終得点/順位
モリコシ ダイト,2026,スペシャリストクラス,3ディアボロ部門,69.4,4,最終得点/順位
モリモト キョウヘイ,2019,スペシャリストクラス,男子1ディアボロ垂直軸部門,62.2,10,最終得点/順位
モリモト ユウスケ,2015,スペシャリストクラス,男子1ディアボロ水平(ベアリング)軸部門,56.00,16,最終得点/順位
モリモト ユウスケ,2016,スペシャリストクラス,男子1ディアボロ水平軸(ベアリング)部門,74.4,8,最終得点/順位
モリモト ユウスケ,2017,スペシャリストクラス,男子1ディアボロ水平軸(ベアリング)部門,72.8,10,最終得点/順位
ヤガミ リンタロウ,2021,スペシャリストクラス,男子1ディアボロ垂直軸部門,91.9,1,最終得点/順位
ヤガミ リンタロウ,2024,スペシャリストクラス,男子 1 ディアボロ垂直軸部門,83.9,1,最終得点/順位
ヤガミ リンタロウ,2024,スペシャリストクラス,男子 1 ディアボロ水平軸(ベアリング)部門,88.7,1,最終得点/順位
ヤガミ リンタロウ,2025,スペシャリストクラス,男子1ディアボロ垂直軸部門,91.5,1,最終得点/順位
ヤスナガ ナオ,2021,スペシャリストクラス,男子1ディアボロ水平軸(ベアリング)部門,72.2,3,最終得点/順位
ヤスナガ ナオ,2022,オーバーオールクラス,男子個人総合部門,69.1,8,最終得点/順位
ヤスナガ ナオ,2024,オーバーオールクラス,男子個人総合部門,69.8,8,最終得点/順位
ヤナガワ アヤコ,2015,オーバーオールクラス,女子個人総合部門,88.55,1,最終得点/順位
ヤナガワ アヤコ,2015,スペシャリストクラス,女子1ディアボロ部門,91.50,1,最終得点/順位
ヤナガワ アヤコ,2017,オーバーオールクラス,女子個人総合部門,74.9,2,最終得点/順位
ヤノ アツシ,2021,オーバーオールクラス,男子個人総合ジュニア部門,71.7,3,最終得点/順位
ヤノ アツシ,2022,スペシャリストクラス,男子1ディアボロ水平軸(固定)部門,66.8,7,最終得点/順位
ヤノ アツシ,2023,オーバーオールクラス,男子個人総合部門,61.2,12,最終得点/順位
ヤノ アツシ,2023,スペシャリストクラス,男子1ディアボロ水平軸(固定)部門,69.0,12,最終得点/順位
ヤノ アツシ,2025,スペシャリストクラス,2ディアボロ(固定)部門,82.3,1,最終得点/順位
ヤノ アツシ,2025,スペシャリストクラス,男子1ディアボロ水平軸(固定)部門,73.6,7,最終得点/順位
ヤノ アツシ,2026,スペシャリストクラス,2ディアボロ(固定)部門,74.6,1,最終得点/順位
ヤマザキ カズキ,2015,スペシャリストクラス,男子1ディアボロ水平(ベアリング)軸部門,63.67,14,最終得点/順位
ヤマザキ ソウシ,2017,スペシャリストクラス,男子1ディアボロ垂直軸部門,79.5,5,最終得点/順位
ヤマザキ ソウシ,2018,オーバーオールクラス,高校生男子個人総合部門,83.3,1,最終得点/順位
ヤマザキ ソウシ,2018,スペシャリストクラス,男子1ディアボロ垂直軸部門,84.9,4,最終得点/順位
ヤマザキ ソウシ,2021,オーバーオールクラス,男子個人総合部門,77.1,4,最終得点/順位
ヤマザキ ソウシ,2021,スペシャリストクラス,男子1ディアボロ垂直軸部門,83.8,2,最終得点/順位
ヤマザキ ソウシ,2023,オーバーオールクラス,男子個人総合部門,72.9,10,最終得点/順位
ヤマザキ ソウシ,2023,スペシャリストクラス,男子1ディアボロ垂直軸部門,75.1,3,最終得点/順位
ヤマザキ ソウシ,2025,オーバーオールクラス,男子個人総合部門,60.5,8,最終得点/順位
ヤマシタ リエ,2015,オーバーオールクラス,女子個人総合部門,73.90,6,最終得点/順位
ヤマダ ジュン,2015,オーバーオールクラス,男子個人総合部門,74.25,9,最終得点/順位
ヤマダ ジュン,2015,スペシャリストクラス,男子1ディアボロ垂直軸部門,78.33,5,最終得点/順位
ヤマダ ジュン,2016,スペシャリストクラス,3ディアボロ部門,63.8,7,最終得点/順位
ヤマダ ジュン,2016,スペシャリストクラス,男子1ディアボロ垂直軸部門,87.9,2,最終得点/順位
ヤマダ ジュン,2017,オーバーオールクラス,男子個人総合部門,81.1,7,最終得点/順位
ヤマダ ジュン,2017,スペシャリストクラス,3ディアボロ部門,61.9,4,最終得点/順位
ヤマダ ジュン,2017,スペシャリストクラス,男子1ディアボロ垂直軸部門,76.8,7,最終得点/順位
ヤマダ ジュン,2018,オーバーオールクラス,男子個人総合部門,62.2,11,最終得点/順位
ヤマモト タカシ,2019,スペシャリストクラス,男子1ディアボロ水平軸(固定)部門,89.1,1,最終得点/順位
ヤマモト タカシ,2021,スペシャリストクラス,男子1ディアボロ水平軸(固定)部門,80.8,2,最終得点/順位
ヤマモト タカシ,2023,オーバーオールクラス,男子個人総合部門,75.0,7,最終得点/順位
ヤマモト タカシ,2023,スペシャリストクラス,2ディアボロ(固定)部門,72.6,8,最終得点/順位
ヤマモト タカシ,2023,スペシャリストクラス,男子1ディアボロ水平軸(固定)部門,81.1,7,最終得点/順位
ヤマモト タカシ,2023,チャレンジクラス,チャレンジクラス(部門詳細不明),39,3,回数/順位
ヤマモト タカシ,2024,スペシャリストクラス,男子 1 ディアボロ水平軸(固定)部門,81.8,7,最終得点/順位
ヤマモト タカシ,2025,スペシャリストクラス,2ディアボロ(固定)部門,65.6,6,最終得点/順位
ヤマモト マサアキ,2015,スペシャリストクラス,男子1ディアボロ水平(ベアリング)軸部門,82.67,1,最終得点/順位
ヤマモト マサアキ,2017,スペシャリストクラス,男子1ディアボロ水平軸(ベアリング)部門,76.3,9,最終得点/順位
ヤマモト マサアキ,2017,スペシャリストクラス,男子1ディアボロ水平軸(固定)部門,84.3,3,最終得点/順位
ヤマモト ユキカ,2015,スペシャリストクラス,女子1ディアボロ部門,67.75,4,最終得点/順位
ヤマモト ユキカ,2016,オーバーオールクラス,女子個人総合部門,75.0,7,最終得点/順位
ヤマモト リョウ,2019,オーバーオールクラス,男子個人総合部門,70.4,12,最終得点/順位
ヤマモト リョウ,2019,スペシャリストクラス,2ディアボロ(固定)部門,62.9,8,最終得点/順位
ヨコイ ユキナ,2015,スペシャリストクラス,女子1ディアボロ部門,66.38,5,最終得点/順位
ヨコイ ユキナ,2017,スペシャリストクラス,女子1ディアボロ部門,70.5,7,最終得点/順位
ヨコタニ マイ,2018,チャレンジクラス,女子1ディアボロ縄跳び部門,9,4,回数/順位
ヨシイ ノリヒロ,2015,スペシャリストクラス,男子1ディアボロ水平(ベアリング)軸部門,64.00,13,最終得点/順位
ヨシイ ノリヒロ,2017,オーバーオールクラス,男子個人総合部門,59.3,13,最終得点/順位
ヨシイ ノリヒロ,2017,スペシャリストクラス,男子1ディアボロ水平軸(ベアリング)部門,61.5,18,最終得点/順位
ヨシイ ノリヒロ,2018,スペシャリストクラス,男子1ディアボロ水平軸(ベアリング)部門,69.4,7,最終得点/順位
ヨシイ ノリヒロ,2018,チャレンジクラス,チャレンジクラス(部門詳細不明),96,6,回数/順位
ヨシイ ノリヒロ,2019,スペシャリストクラス,男子1ディアボロ水平軸(ベアリング)部門,70.2,10,最終得点/順位
ヨシイ ノリヒロ,2025,スペシャリストクラス,男子1ディアボロ水平軸(ベアリング)部門,棄権,-,最終得点/順位
ヨシダ シゲミ,2018,オーバーオールクラス,男子個人総合ジュニア部門,67.9,4,最終得点/順位
ヨシダ シゲミ,2018,チャレンジクラス,チャレンジクラス(部門詳細不明),109,5,回数/順位
ヨシダ シゲミ,2018,チャレンジクラス,トリイ ヒロキミ    63    1    B            4ディアボロロウ部門,27,5,回数/順位
ヨシダ シゲミ,2019,オーバーオールクラス,男子個人総合ジュニア部門,73.8,3,最終得点/順位
ヨシダ シゲミ,2021,オーバーオールクラス,男子個人総合ジュニア部門,69.4,5,最終得点/順位
ヨシダ レオ,2015,オーバーオールクラス,男子個人総合ジュニア部門,42.35,7,最終得点/順位
ヨシノ キョウスケ,2015,スペシャリストクラス,男子1ディアボロ垂直軸部門,72.00,18,最終得点/順位
ヨシノ キョウスケ,2016,スペシャリストクラス,男子1ディアボロ垂直軸部門,73.8,17,最終得点/順位
ヨネカワ ナオキ,2016,スペシャリストクラス,男子1ディアボロ垂直軸部門,71.9,19,最終得点/順位
ヨネザワ アキホ,2021,オーバーオールクラス,女子個人総合部門,80.2,1,最終得点/順位
ラスカル,2015,オーバーオールクラス,団体部門,58.40,2,最終得点/順位
リ ユウナ,2018,チャレンジクラス,女子1ディアボロ縄跳び部門,5,5,回数/順位
リキヒサ ケンタ,2015,スペシャリストクラス,男子1ディアボロ垂直軸部門,60.50,25,最終得点/順位
リキヒサ ケンタ,2016,スペシャリストクラス,男子1ディアボロ垂直軸部門,61.8,25,最終得点/順位
リン ユウキ,2021,オーバーオールクラス,男子個人総合ジュニア部門,62.6,7,最終得点/順位
リン ユウキ,2021,チャレンジクラス,チャレンジクラス(部門詳細不明),89,4,回数/順位
リン ユウキ,2021,チャレンジクラス,男子1ディアボロ縄跳び部門,24,4,回数/順位
ワタナベ トモキ,2026,スペシャリストクラス,男子1ディアボロ水平軸(固定)部門,69.9,6,最終得点/順位
ワタナベ ハヤト,2015,スペシャリストクラス,男子1ディアボロ水平(ベアリング)軸部門,76.50,8,最終得点/順位
ワタナベ ハヤト,2016,スペシャリストクラス,3ディアボロ部門,82.0,3,最終得点/順位
ワタナベ ハヤト,2017,オーバーオールクラス,男子個人総合部門,87.2,3,最終得点/順位
ワタナベ ハヤト,2017,スペシャリストクラス,3ディアボロ部門,83.7,3,最終得点/順位
ワタナベ ハヤト,2019,スペシャリストクラス,3ディアボロ部門,81.1,2,最終得点/順位
ワタナベ ハルト,2023,オーバーオールクラス,男子個人総合ジュニア部門,67.2,4,最終得点/順位
ワタナベ ヒデヤ,2015,スペシャリストクラス,男子1ディアボロ水平(固定)軸部門,74.25,6,最終得点/順位
ワタナベ ユカリ,2016,オーバーオールクラス,女子個人総合部門,75.4,6,最終得点/順位
ワタナベ ユカリ,2016,チャレンジクラス,,89,1,回数/順位
ワタヌキ シュンスケ,2018,スペシャリストクラス,3ディアボロ部門,81.1,2,最終得点/順位
ワタヌキ シュンスケ,2022,オーバーオールクラス,男子個人総合部門,80.1,2,最終得点/順位
ワタヌキ シュンスケ,2022,スペシャリストクラス,3ディアボロ部門,87.0,1,最終得点/順位
ワタヌキ シュンスケ,2023,オーバーオールクラス,男子個人総合部門,85.3,1,最終得点/順位
ワタヌキ シュンスケ,2023,スペシャリストクラス,3ディアボロ部門,87.6,1,最終得点/順位
ワタヌキ シュンスケ,2024,スペシャリストクラス,男子 1 ディアボロ水平軸(固定)部門,87.9,2,最終得点/順位
ワタヌキ シュンスケ,2024,チャレンジクラス,4 ディアボロロウ部門,190,2,回数/順位
ワタヌキ シュンスケ,2025,オーバーオールクラス,男子個人総合部門,72.7,5,最終得点/順位
ワタヌキ シュンスケ,2025,スペシャリストクラス,3ディアボロ部門,79.5,3,最終得点/順位
ワタヌキ シュンスケ,2026,スペシャリストクラス,3ディアボロ部門,80.2,3,最終得点/順位
久保 悠一郎,2013,オーバーオールクラス,男子個人総合部門,78.85,4,最終得点/順位(OCR)
久成 築,2013,オーバーオールクラス,男子個人総合部門,73.525,7,最終得点/順位(OCR)
亀井 大輝,2012,個人部門,1ディアボロ部門,88.8,5,最終得点/順位(OCR)
亀井 大輝,2012,個人部門,2ディアボロ部門,93.0,1,最終得点/順位(OCR)
亀井 大輝,2013,オーバーオールクラス,男子個人総合部門,79.825,3,最終得点/順位(OCR)
倉沢 英治,2012,個人部門,2ディアボロ部門,81.9,7,最終得点/順位(OCR)
大月 崇照,2012,個人部門,1ディアボロ部門,81.0,9,最終得点/順位(OCR)
宇田 健人,2012,個人部門,1ディアボロ部門,78.8,11,最終得点/順位(OCR)
安部 弘紀,2012,個人部門,1ディアボロ部門,92.9,1,最終得点/順位(OCR)
安部 弘紀,2012,個人部門,2ディアボロ部門,89.4,3,最終得点/順位(OCR)
安部 弘紀,2013,オーバーオールクラス,男子個人総合部門,80.575,2,最終得点/順位(OCR)
小林 典史,2012,個人部門,1ディアボロ部門,90.9,4,最終得点/順位(OCR)
小林 典史,2013,オーバーオールクラス,男子個人総合部門,68.5,9,最終得点/順位(OCR)
岡 大貴,2013,オーバーオールクラス,男子個人総合部門,64.05,11,最終得点/順位(OCR)
廣瀬 優,2012,個人部門,1ディアボロ部門,78.6,13,最終得点/順位(OCR)
日野 文剛,2012,個人部門,1ディアボロ部門,92.0,3,最終得点/順位(OCR)
早稲田大学infinity,2013,オーバーオールクラス,団体部門,74.3,1,最終得点/順位(OCR)
春日井 和志,2012,個人部門,2ディアボロ部門,80.1,9,最終得点/順位(OCR)
木曽 貴大,2012,個人部門,1ディアボロ部門,78.7,12,最終得点/順位(OCR)
木曽 貴大,2012,個人部門,2ディアボロ部門,81.8,8,最終得点/順位(OCR)
木曽 貴大,2013,オーバーオールクラス,男子個人総合部門,74.45,6,最終得点/順位(OCR)
東條 真樹,2012,個人部門,2ディアボロ部門,88.2,4,最終得点/順位(OCR)
松田 啓太,2012,個人部門,2ディアボロ部門,87.5,5,最終得点/順位(OCR)
松田 啓太,2012,個人部門,3ディアボロ部門,78.9,3,最終得点/順位(OCR)
森田 俊平,2012,個人部門,1ディアボロ部門,81.4,8,最終得点/順位(OCR)
森田 俊平,2013,オーバーオールクラス,男子個人総合部門,70.1,8,最終得点/順位(OCR)
橋本 涼太,2012,個人部門,2ディアボロ部門,91.3,2,最終得点/順位(OCR)
池端 友理,2013,オーバーオールクラス,女子個人総合部門,66.275,4,最終得点/順位(OCR)
浦和 新,2013,オーバーオールクラス,男子個人総合部門,87.55,1,最終得点/順位(OCR)
渡辺 英也,2012,個人部門,1ディアボロ部門,86.0,7,最終得点/順位(OCR)
渡辺 隼人,2012,個人部門,3ディアボロ部門,84.4,2,最終得点/順位(OCR)
渡邊 友加里,2013,オーバーオールクラス,女子個人総合部門,72.15,3,最終得点/順位(OCR)
田中 玲衣,2013,オーバーオールクラス,女子個人総合部門,65.225,5,最終得点/順位(OCR)
種村 裕幸,2013,オーバーオールクラス,男子個人総合部門,65.3,10,最終得点/順位(OCR)
豊原 香住,2013,オーバーオールクラス,女子個人総合部門,75.425,1,最終得点/順位(OCR)
野中 葵,2012,個人部門,1ディアボロ部門,92.4,2,最終得点/順位(OCR)
野中 葵,2013,オーバーオールクラス,男子個人総合部門,78.825,5,最終得点/順位(OCR)
長坂 卓都,2012,個人部門,1ディアボロ部門,87.1,6,最終得点/順位(OCR)
長坂 卓都,2012,個人部門,2ディアボロ部門,85.9,6,最終得点/順位(OCR)
長坂 卓都,2012,個人部門,3ディアボロ部門,84.9,1,最終得点/順位(OCR)
長谷川 トモ,2012,個人部門,1ディアボロ部門,80.5,10,最終得点/順位(OCR)
須田 恵梨華,2013,オーバーオールクラス,女子個人総合部門,74.125,2,最終得点/順位(OCR)
